#,Name,Long video bundle,Mobile blog (webR) plan,Scenario (synthetic dataset),Rows / column names
1,"KPIs: Mean, Median, Percentiles",Descriptive foundations,webR: yes,Schema A — store_weekly (weekly D2C marketing),"Rows: 52; Columns: week, promo_week, spend_search, spend_social, email_freq, avg_order_value, sessions, from_email, time_sec, revenue, conversions"
2,"Spread: Variance, SD, IQR for KPIs",Descriptive foundations,webR: yes,Schema A — store_weekly (weekly D2C marketing),"Rows: 52; Columns: week, promo_week, spend_search, spend_social, email_freq, avg_order_value, sessions, from_email, time_sec, revenue, conversions"
3,Percentile-based Benchmarks,Descriptive foundations,webR: yes,Schema A — store_weekly (weekly D2C marketing),"Rows: 52; Columns: week, promo_week, spend_search, spend_social, email_freq, avg_order_value, sessions, from_email, time_sec, revenue, conversions"
4,Outliers: Boxplot Rules for Marketing Metrics,Descriptive foundations,webR: yes,Schema A — store_weekly (weekly D2C marketing),"Rows: 52; Columns: week, promo_week, spend_search, spend_social, email_freq, avg_order_value, sessions, from_email, time_sec, revenue, conversions"
5,Winsorising vs Trimming,Descriptive foundations,webR: yes,Schema A — store_weekly (weekly D2C marketing),"Rows: 52; Columns: week, promo_week, spend_search, spend_social, email_freq, avg_order_value, sessions, from_email, time_sec, revenue, conversions"
6,Transformation: Log and Box-Cox,Descriptive foundations,webR: yes,Schema A — store_weekly (weekly D2C marketing),"Rows: 52; Columns: week, promo_week, spend_search, spend_social, email_freq, avg_order_value, sessions, from_email, time_sec, revenue, conversions"
7,Data Audits: Missingness and Imputation Basics,Descriptive foundations,webR: yes,Schema A — store_weekly (weekly D2C marketing),"Rows: 52; Columns: week, promo_week, spend_search, spend_social, email_freq, avg_order_value, sessions, from_email, time_sec, revenue, conversions"
8,Sampling Plans for Digital Campaigns,Experiments & power,webR: yes,Schema C — experiment_ab (A/B test),"Rows: 20000; Columns: session_id, user_id, variant, assigned_at, converted, order_value, device, source"
9,Randomisation Check for Experiments,Experiments & power,webR: yes,Schema C — experiment_ab (A/B test),"Rows: 20000; Columns: session_id, user_id, variant, assigned_at, converted, order_value, device, source"
10,Confidence Intervals for Conversion Rate,Proportion/means inference,webR: yes,Schema C — experiment_ab (A/B test),"Rows: 20000; Columns: session_id, user_id, variant, assigned_at, converted, order_value, device, source"
11,Statistical Power for A/B Tests,Experiments & power,webR: yes,Schema C — experiment_ab (A/B test),"Rows: 20000; Columns: session_id, user_id, variant, assigned_at, converted, order_value, device, source"
12,Power Curves for Experiment Calendars,Experiments & power,webR: yes,Schema C — experiment_ab (A/B test),"Rows: 20000; Columns: session_id, user_id, variant, assigned_at, converted, order_value, device, source"
13,Proportions Test for Two Variants,Proportion/means inference,webR: yes,Schema C — experiment_ab (A/B test),"Rows: 20000; Columns: session_id, user_id, variant, assigned_at, converted, order_value, device, source"
14,Paired Proportions Test (Repeat Visitors),Proportion/means inference,webR: yes,Schema C — experiment_ab (A/B test),"Rows: 20000; Columns: session_id, user_id, variant, assigned_at, converted, order_value, device, source"
15,Chi-square Test for Click-through,Proportion/means inference,webR: yes,Schema C — experiment_ab (A/B test),"Rows: 20000; Columns: session_id, user_id, variant, assigned_at, converted, order_value, device, source"
16,Fisher’s Exact Test for Small Samples,Proportion/means inference,webR: yes,Schema C — experiment_ab (A/B test),"Rows: 20000; Columns: session_id, user_id, variant, assigned_at, converted, order_value, device, source"
17,t-Test for Average Order Value,Proportion/means inference,webR: yes,Schema C — experiment_ab (A/B test),"Rows: 20000; Columns: session_id, user_id, variant, assigned_at, converted, order_value, device, source"
18,Welch t-Test for Unequal Variance,Proportion/means inference,webR: yes,Schema C — experiment_ab (A/B test),"Rows: 20000; Columns: session_id, user_id, variant, assigned_at, converted, order_value, device, source"
19,Paired t-Test for Before–After Campaign,Proportion/means inference,webR: yes,Schema C — experiment_ab (A/B test),"Rows: 20000; Columns: session_id, user_id, variant, assigned_at, converted, order_value, device, source"
20,ANOVA: Multi-Arm Creative Test,Proportion/means inference,webR: yes,Schema C — experiment_ab (A/B test),"Rows: 20000; Columns: session_id, user_id, variant, assigned_at, converted, order_value, device, source"
21,Welch ANOVA for Unequal Groups,Proportion/means inference,webR: yes,Schema C — experiment_ab (A/B test),"Rows: 20000; Columns: session_id, user_id, variant, assigned_at, converted, order_value, device, source"
22,Post-hoc Comparisons (Tukey/Holm),Proportion/means inference,webR: yes,Schema C — experiment_ab (A/B test),"Rows: 20000; Columns: session_id, user_id, variant, assigned_at, converted, order_value, device, source"
23,Non-parametric: Mann–Whitney,Proportion/means inference,webR: yes,Schema C — experiment_ab (A/B test),"Rows: 20000; Columns: session_id, user_id, variant, assigned_at, converted, order_value, device, source"
24,Non-parametric: Kruskal–Wallis,Proportion/means inference,webR: yes,Schema C — experiment_ab (A/B test),"Rows: 20000; Columns: session_id, user_id, variant, assigned_at, converted, order_value, device, source"
25,Sample Ratio Mismatch Diagnostics,Experiments & power,webR: yes,Schema C — experiment_ab (A/B test),"Rows: 20000; Columns: session_id, user_id, variant, assigned_at, converted, order_value, device, source"
26,A/B Test Guardrails and KPIs,Experiment hygiene,webR: yes,Schema C — experiment_ab (A/B test),"Rows: 20000; Columns: session_id, user_id, variant, assigned_at, converted, order_value, device, source"
27,A/B/n Test Design and Analysis,Experiments & power,webR: yes,Schema C — experiment_ab (A/B test),"Rows: 20000; Columns: session_id, user_id, variant, assigned_at, converted, order_value, device, source"
28,Sequential Testing with Alpha Spending,Experiments & power,webR: yes,Schema C — experiment_ab (A/B test),"Rows: 20000; Columns: session_id, user_id, variant, assigned_at, converted, order_value, device, source"
29,Bayesian A/B Testing with Beta–Binomial,Experiments & power,webR: yes,Schema C — experiment_ab (A/B test),"Rows: 20000; Columns: session_id, user_id, variant, assigned_at, converted, order_value, device, source"
30,Multi-armed Bandits: Thompson Sampling,Experiments & power,webR: yes,Schema C — experiment_ab (A/B test),"Rows: 20000; Columns: session_id, user_id, variant, assigned_at, converted, order_value, device, source"
31,Non-compliance and Intention-to-Treat,Experiments & power,webR: yes,Schema C — experiment_ab (A/B test),"Rows: 20000; Columns: session_id, user_id, variant, assigned_at, converted, order_value, device, source"
32,Spillovers and Interference Checks,Experiments & power,webR: yes,Schema C — experiment_ab (A/B test),"Rows: 20000; Columns: session_id, user_id, variant, assigned_at, converted, order_value, device, source"
33,Multiple Testing and False Discovery Rate,Experiment hygiene,webR: yes,Schema C — experiment_ab (A/B test),"Rows: 20000; Columns: session_id, user_id, variant, assigned_at, converted, order_value, device, source"
34,p-Hacking Traps and Pre-registration,Experiment hygiene,webR: yes,Schema C — experiment_ab (A/B test),"Rows: 20000; Columns: session_id, user_id, variant, assigned_at, converted, order_value, device, source"
35,Conversion Rate Margin of Error Calculator,Conversion testing tools,webR + Quarto Live calculator,Schema C - experiment_ab (A/B test),"Rows: 20000; Columns: session_id, user_id, variant, assigned_at, converted, order_value, device, source"
36,A/B Test Sample Size Calculator,Experiment planning tools,webR + Quarto Live calculator,Schema C - experiment_ab (A/B test),"Rows: 20000; Columns: session_id, user_id, variant, assigned_at, converted, order_value, device, source"
37,A/B Test Significance Calculator for Two Variants,Conversion testing tools,webR + Quarto Live calculator,Schema C - experiment_ab (A/B test),"Rows: 20000; Columns: session_id, user_id, variant, assigned_at, converted, order_value, device, source"
38,Click-through Chi-Square Calculator,Experiment planning tools,webR + Quarto Live calculator,Schema C - experiment_ab (A/B test),"Rows: 20000; Columns: session_id, user_id, variant, assigned_at, converted, order_value, device, source"
39,Fisher's Exact Test Calculator for Small Samples,Experiment planning tools,webR + Quarto Live calculator,Schema C - experiment_ab (A/B test),"Rows: 20000; Columns: session_id, user_id, variant, assigned_at, converted, order_value, device, source"
40,Average Order Value Test Calculator (Welch t-Test),Revenue testing tools,webR + Quarto Live calculator,Schema C - experiment_ab (A/B test),"Rows: 20000; Columns: session_id, user_id, variant, assigned_at, converted, order_value, device, source"
41,Welch vs Pooled t-Test Selector,Revenue testing tools,webR + Quarto Live decision helper,Schema C - experiment_ab (A/B test),"Rows: 20000; Columns: session_id, user_id, variant, assigned_at, converted, order_value, device, source"
42,A/B/n Test Planner and ANOVA Explorer,Experiment planning tools,webR + Quarto Live explorer,Schema C - experiment_ab (A/B test),"Rows: 20000; Columns: session_id, user_id, variant, assigned_at, converted, order_value, device, source"
43,Sample Ratio Mismatch Checker,Experiment planning tools,webR + Quarto Live checker,Schema C - experiment_ab (A/B test),"Rows: 20000; Columns: session_id, user_id, variant, assigned_at, converted, order_value, device, source"
44,Marketing Funnel Leak Finder,Marketing analytics tools,webR + Quarto Live checker,Schema B - session_log (session-level behaviour),"Rows: 50000; Columns: session_id, user_id, device, source, landing_page, pages_viewed, time_on_site, added_to_cart, purchased"
45,Correlation: Pearson vs Spearman,Regression & GLMs,webR: yes,Schema A — store_weekly (weekly D2C marketing),"Rows: 52; Columns: week, promo_week, spend_search, spend_social, email_freq, avg_order_value, sessions, from_email, time_sec, revenue, conversions"
46,Partial Correlation with Controls,Regression & GLMs,webR: yes,Schema A — store_weekly (weekly D2C marketing),"Rows: 52; Columns: week, promo_week, spend_search, spend_social, email_freq, avg_order_value, sessions, from_email, time_sec, revenue, conversions"
47,Simple Linear Regression: Spend to Revenue,Regression & GLMs,webR: yes,Schema A — store_weekly (weekly D2C marketing),"Rows: 52; Columns: week, promo_week, spend_search, spend_social, email_freq, avg_order_value, sessions, from_email, time_sec, revenue, conversions"
48,Multiple Regression with Channels,Regression & GLMs,webR: yes,Schema A — store_weekly (weekly D2C marketing),"Rows: 52; Columns: week, promo_week, spend_search, spend_social, email_freq, avg_order_value, sessions, from_email, time_sec, revenue, conversions"
49,Polynomial Regression: Diminishing Returns,Regression & GLMs,webR: yes,Schema A — store_weekly (weekly D2C marketing),"Rows: 52; Columns: week, promo_week, spend_search, spend_social, email_freq, avg_order_value, sessions, from_email, time_sec, revenue, conversions"
50,Interaction Terms: Email × Social,Regression & GLMs,webR: yes,Schema A — store_weekly (weekly D2C marketing),"Rows: 52; Columns: week, promo_week, spend_search, spend_social, email_freq, avg_order_value, sessions, from_email, time_sec, revenue, conversions"
51,Standardisation of Predictors,Regression & GLMs,webR: yes,Schema A — store_weekly (weekly D2C marketing),"Rows: 52; Columns: week, promo_week, spend_search, spend_social, email_freq, avg_order_value, sessions, from_email, time_sec, revenue, conversions"
52,Multicollinearity Check: VIF,Regression & GLMs,webR: yes,Schema A — store_weekly (weekly D2C marketing),"Rows: 52; Columns: week, promo_week, spend_search, spend_social, email_freq, avg_order_value, sessions, from_email, time_sec, revenue, conversions"
53,Robust Regression against Outliers,Regression & GLMs,webR: yes,Schema A — store_weekly (weekly D2C marketing),"Rows: 52; Columns: week, promo_week, spend_search, spend_social, email_freq, avg_order_value, sessions, from_email, time_sec, revenue, conversions"
54,Quantile Regression for Upper Funnel,Regression & GLMs,webR: yes,Schema A — store_weekly (weekly D2C marketing),"Rows: 52; Columns: week, promo_week, spend_search, spend_social, email_freq, avg_order_value, sessions, from_email, time_sec, revenue, conversions"
55,Ridge Regression for Correlated Channels,Regression & GLMs,webR: yes,Schema A — store_weekly (weekly D2C marketing),"Rows: 52; Columns: week, promo_week, spend_search, spend_social, email_freq, avg_order_value, sessions, from_email, time_sec, revenue, conversions"
56,LASSO for Feature Selection,Regression & GLMs,webR: yes,Schema A — store_weekly (weekly D2C marketing),"Rows: 52; Columns: week, promo_week, spend_search, spend_social, email_freq, avg_order_value, sessions, from_email, time_sec, revenue, conversions"
57,Elastic Net for Balanced Shrinkage,Regression & GLMs,webR: yes,Schema A — store_weekly (weekly D2C marketing),"Rows: 52; Columns: week, promo_week, spend_search, spend_social, email_freq, avg_order_value, sessions, from_email, time_sec, revenue, conversions"
58,Ad Spend to Revenue Regression Explorer,Regression decision tools,webR + Quarto Live explorer,Schema A - store_weekly (weekly D2C marketing),"Rows: 52; Columns: week, promo_week, spend_search, spend_social, email_freq, avg_order_value, sessions, from_email, time_sec, revenue, conversions"
59,Logistic Regression: Purchase Probability,Regression & GLMs,webR: yes,Schema B — session_log (session-level behaviour),"Rows: 10000; Columns: session_id, user_id, pages, from_email, time_sec, device, source, purchase, revenue_per_session, country, day"
60,Regularised Logistic for Sparse Data,Classification evaluation,webR: yes,Schema B — session_log (session-level behaviour),"Rows: 10000; Columns: session_id, user_id, pages, from_email, time_sec, device, source, purchase, revenue_per_session, country, day"
61,Multinomial Logistic for Multi-Class Outcomes,Regression & GLMs,webR: yes,Schema B — session_log (session-level behaviour),"Rows: 10000; Columns: session_id, user_id, pages, from_email, time_sec, device, source, purchase, revenue_per_session, country, day"
62,Ordinal Logistic for Survey Ratings,Regression & GLMs,webR: yes,Schema B — session_log (session-level behaviour),"Rows: 10000; Columns: session_id, user_id, pages, from_email, time_sec, device, source, purchase, revenue_per_session, country, day"
63,Bivariate Probit for Joint Decisions,Scoring & targeting,webR: yes,Schema B — session_log (session-level behaviour),"Rows: 10000; Columns: session_id, user_id, pages, from_email, time_sec, device, source, purchase, revenue_per_session, country, day"
64,Tobit for Censored Spend,Selection & censoring,webR: yes,Schema B — session_log (session-level behaviour),"Rows: 10000; Columns: session_id, user_id, pages, from_email, time_sec, device, source, purchase, revenue_per_session, country, day"
65,Two-part Models for Zero-inflated Spend,Selection & censoring,webR: yes,Schema B — session_log (session-level behaviour),"Rows: 10000; Columns: session_id, user_id, pages, from_email, time_sec, device, source, purchase, revenue_per_session, country, day"
66,Zero-inflated Poisson for Counts,Selection & censoring,webR: yes,Schema B — session_log (session-level behaviour),"Rows: 10000; Columns: session_id, user_id, pages, from_email, time_sec, device, source, purchase, revenue_per_session, country, day"
67,Negative Binomial for Over-dispersion,Selection & censoring,webR: yes,Schema B — session_log (session-level behaviour),"Rows: 10000; Columns: session_id, user_id, pages, from_email, time_sec, device, source, purchase, revenue_per_session, country, day"
68,Hurdle Models for Visits,Selection & censoring,webR: yes,Schema B — session_log (session-level behaviour),"Rows: 10000; Columns: session_id, user_id, pages, from_email, time_sec, device, source, purchase, revenue_per_session, country, day"
69,Heckman Selection for Biased Samples,Selection & censoring,webR: yes,Schema B — session_log (session-level behaviour),"Rows: 10000; Columns: session_id, user_id, pages, from_email, time_sec, device, source, purchase, revenue_per_session, country, day"
70,Generalised Additive Models (GAMs),Smooth & non-linear models,webR: yes,Schema F — timeseries_daily (daily traffic & sales),"Rows: 730; Columns: date, traffic, sales, price_index, promo_flag, ad_spend"
71,Spline Regression for Smooth Effects,Smooth & non-linear models,webR: yes,Schema A — store_weekly (weekly D2C marketing),"Rows: 52; Columns: week, promo_week, spend_search, spend_social, email_freq, avg_order_value, sessions, from_email, time_sec, revenue, conversions"
72,Local Regression (LOESS) for Funnels,Smooth & non-linear models,webR: yes,Schema B — session_log (session-level behaviour),"Rows: 10000; Columns: session_id, user_id, pages, from_email, time_sec, device, source, purchase, revenue_per_session, country, day"
73,Non-linear Least Squares for Response Curves,Smooth & non-linear models,webR: yes,Schema A — store_weekly (weekly D2C marketing),"Rows: 52; Columns: week, promo_week, spend_search, spend_social, email_freq, avg_order_value, sessions, from_email, time_sec, revenue, conversions"
74,Purchase Probability Explorer with Logistic Regression,Regression decision tools,webR + Quarto Live explorer,Schema B - session_log (session-level behaviour),"Rows: 50000; Columns: session_id, user_id, device, source, landing_page, pages_viewed, time_on_site, added_to_cart, purchased"
75,Calibration Curve for Classifiers,Classification evaluation,webR: yes,Schema B — session_log (session-level behaviour),"Rows: 10000; Columns: session_id, user_id, pages, from_email, time_sec, device, source, purchase, revenue_per_session, country, day"
76,Calibration of Probabilities (Platt/Isotonic),Classification evaluation,webR: yes,Schema B — session_log (session-level behaviour),"Rows: 10000; Columns: session_id, user_id, pages, from_email, time_sec, device, source, purchase, revenue_per_session, country, day"
77,"ROC, AUC, and Threshold Choice",Classification evaluation,webR: yes,Schema B — session_log (session-level behaviour),"Rows: 10000; Columns: session_id, user_id, pages, from_email, time_sec, device, source, purchase, revenue_per_session, country, day"
78,Precision–Recall for Imbalanced Conversions,Classification evaluation,webR: yes,Schema B — session_log (session-level behaviour),"Rows: 10000; Columns: session_id, user_id, pages, from_email, time_sec, device, source, purchase, revenue_per_session, country, day"
79,Lift and Gain Charts,Classification evaluation,webR: yes,Schema B — session_log (session-level behaviour),"Rows: 10000; Columns: session_id, user_id, pages, from_email, time_sec, device, source, purchase, revenue_per_session, country, day"
80,Propensity to Buy Scoring,Scoring & targeting,webR: yes,Schema B — session_log (session-level behaviour),"Rows: 10000; Columns: session_id, user_id, pages, from_email, time_sec, device, source, purchase, revenue_per_session, country, day"
81,Lead Scoring with Logistic Regression,Scoring & targeting,webR: yes,Schema B — session_log (session-level behaviour),"Rows: 10000; Columns: session_id, user_id, pages, from_email, time_sec, device, source, purchase, revenue_per_session, country, day"
82,Look-alike Modelling,Scoring & targeting,webR: yes,Schema B — session_log (session-level behaviour),"Rows: 10000; Columns: session_id, user_id, pages, from_email, time_sec, device, source, purchase, revenue_per_session, country, day"
83,Propensity Score Matching Basics,Uplift & personalisation,webR: yes,Schema C — experiment_ab (A/B test),"Rows: 20000; Columns: session_id, user_id, variant, assigned_at, converted, order_value, device, source"
84,Inverse Probability Weighting,Uplift & personalisation,webR: yes,Schema C — experiment_ab (A/B test),"Rows: 20000; Columns: session_id, user_id, variant, assigned_at, converted, order_value, device, source"
85,Difference-in-Differences (DiD),Causal design,webR: yes,Schema D — panel_store (stores × weeks),"Rows: 1040; Columns: store_id, week, treated, spend_search, spend_social, promo_flag, revenue, traffic"
86,Event Study for Policy or Feature Launch,Causal design,webR: yes,Schema D — panel_store (stores × weeks),"Rows: 1040; Columns: store_id, week, treated, spend_search, spend_social, promo_flag, revenue, traffic"
87,Interrupted Time Series,Causal design,webR: yes,Schema F — timeseries_daily (daily traffic & sales),"Rows: 730; Columns: date, traffic, sales, price_index, promo_flag, ad_spend"
88,Synthetic Control for One-Market Tests,Causal design,webR: yes,Schema D — panel_store (stores × weeks),"Rows: 1040; Columns: store_id, week, treated, spend_search, spend_social, promo_flag, revenue, traffic"
89,Instrumental Variables in Marketing,Causal design,webR: yes,Schema A — store_weekly (weekly D2C marketing),"Rows: 52; Columns: week, promo_week, spend_search, spend_social, email_freq, avg_order_value, sessions, from_email, time_sec, revenue, conversions"
90,Regression Discontinuity at Eligibility Cut-off,Causal design,webR: yes,Schema A — store_weekly (weekly D2C marketing),"Rows: 52; Columns: week, promo_week, spend_search, spend_social, email_freq, avg_order_value, sessions, from_email, time_sec, revenue, conversions"
91,Uplift Modelling: Two-Model Approach,Uplift & personalisation,webR: yes,Schema C — experiment_ab (A/B test),"Rows: 20000; Columns: session_id, user_id, variant, assigned_at, converted, order_value, device, source"
92,Uplift Trees for Personalisation,Uplift & personalisation,webR: yes,Schema C — experiment_ab (A/B test),"Rows: 20000; Columns: session_id, user_id, variant, assigned_at, converted, order_value, device, source"
93,Next Best Action with Uplift,Uplift & personalisation,webR: yes,Schema C — experiment_ab (A/B test),"Rows: 20000; Columns: session_id, user_id, variant, assigned_at, converted, order_value, device, source"
94,Causal Forests for Heterogeneous Effects,ML models & interpretation,webR: yes,Schema C — experiment_ab (A/B test),"Rows: 20000; Columns: session_id, user_id, variant, assigned_at, converted, order_value, device, source"
95,Generalised Random Forests,ML models & interpretation,webR: yes,Schema C — experiment_ab (A/B test),"Rows: 20000; Columns: session_id, user_id, variant, assigned_at, converted, order_value, device, source"
96,Fixed Effects for Panel Marketing Data,Panels & clustered SEs,webR: yes,Schema D — panel_store (stores × weeks),"Rows: 1040; Columns: store_id, week, treated, spend_search, spend_social, promo_flag, revenue, traffic"
97,Panel Data: Two-way Fixed Effects,Panels & clustered SEs,webR: yes,Schema D — panel_store (stores × weeks),"Rows: 1040; Columns: store_id, week, treated, spend_search, spend_social, promo_flag, revenue, traffic"
98,Clustered Standard Errors,Panels & clustered SEs,webR: yes,Schema D — panel_store (stores × weeks),"Rows: 1040; Columns: store_id, week, treated, spend_search, spend_social, promo_flag, revenue, traffic"
99,Wild Bootstrap for Small Clusters,Panels & clustered SEs,webR: yes,Schema D — panel_store (stores × weeks),"Rows: 1040; Columns: store_id, week, treated, spend_search, spend_social, promo_flag, revenue, traffic"
100,Heteroskedasticity Tests and Fixes,Panels & clustered SEs,webR: yes,Schema D — panel_store (stores × weeks),"Rows: 1040; Columns: store_id, week, treated, spend_search, spend_social, promo_flag, revenue, traffic"
101,Random Effects and Mixed Models,Panels & clustered SEs,webR: yes,Schema D — panel_store (stores × weeks),"Rows: 1040; Columns: store_id, week, treated, spend_search, spend_social, promo_flag, revenue, traffic"
102,Hierarchical Models for Stores,Panels & clustered SEs,webR: yes,Schema D — panel_store (stores × weeks),"Rows: 1040; Columns: store_id, week, treated, spend_search, spend_social, promo_flag, revenue, traffic"
103,Prior Elicitation for Marketing Parameters,Bayesian workflow,webR: yes,Schema A — store_weekly (weekly D2C marketing),"Rows: 52; Columns: week, promo_week, spend_search, spend_social, email_freq, avg_order_value, sessions, from_email, time_sec, revenue, conversions"
104,Bayesian Linear Regression (arm),Bayesian workflow,webR: yes,Schema A — store_weekly (weekly D2C marketing),"Rows: 52; Columns: week, promo_week, spend_search, spend_social, email_freq, avg_order_value, sessions, from_email, time_sec, revenue, conversions"
105,Bayesian Logistic Regression,Bayesian workflow,webR: yes,Schema B — session_log (session-level behaviour),"Rows: 10000; Columns: session_id, user_id, pages, from_email, time_sec, device, source, purchase, revenue_per_session, country, day"
106,Bayesian Hierarchical for Markets,Bayesian workflow,webR: yes,Schema D — panel_store (stores × weeks),"Rows: 1040; Columns: store_id, week, treated, spend_search, spend_social, promo_flag, revenue, traffic"
107,Posterior Predictive Checks,Bayesian workflow,webR: yes,Schema A — store_weekly (weekly D2C marketing),"Rows: 52; Columns: week, promo_week, spend_search, spend_social, email_freq, avg_order_value, sessions, from_email, time_sec, revenue, conversions"
108,Bayesian Updating of Prior Results,Bayesian workflow,webR: yes,Schema C — experiment_ab (A/B test),"Rows: 20000; Columns: session_id, user_id, variant, assigned_at, converted, order_value, device, source"
109,Meta-analysis of Campaign Effects,Bayesian workflow,webR: yes,Schema A — store_weekly (weekly D2C marketing),"Rows: 52; Columns: week, promo_week, spend_search, spend_social, email_freq, avg_order_value, sessions, from_email, time_sec, revenue, conversions"
110,Time Series: Trend and Seasonality,Forecasting basics & impact,webR: yes,Schema F — timeseries_daily (daily traffic & sales),"Rows: 730; Columns: date, traffic, sales, price_index, promo_flag, ad_spend"
111,Decomposition: STL,Forecasting basics & impact,webR: yes,Schema F — timeseries_daily (daily traffic & sales),"Rows: 730; Columns: date, traffic, sales, price_index, promo_flag, ad_spend"
112,Stationarity Tests: ADF/KPSS,Forecasting basics & impact,webR: yes,Schema F — timeseries_daily (daily traffic & sales),"Rows: 730; Columns: date, traffic, sales, price_index, promo_flag, ad_spend"
113,Cross-correlation of Spend and Sales,Time links & advanced TS,webR: yes,Schema A — store_weekly (weekly D2C marketing),"Rows: 52; Columns: week, promo_week, spend_search, spend_social, email_freq, avg_order_value, sessions, from_email, time_sec, revenue, conversions"
114,Lag Selection with Information Criteria,Time links & advanced TS,webR: yes,Schema A — store_weekly (weekly D2C marketing),"Rows: 52; Columns: week, promo_week, spend_search, spend_social, email_freq, avg_order_value, sessions, from_email, time_sec, revenue, conversions"
115,ARIMA for Traffic Forecasts,Forecasting basics & impact,webR: yes,Schema F — timeseries_daily (daily traffic & sales),"Rows: 730; Columns: date, traffic, sales, price_index, promo_flag, ad_spend"
116,Seasonal ARIMA (SARIMA),Forecasting basics & impact,webR: yes,Schema F — timeseries_daily (daily traffic & sales),"Rows: 730; Columns: date, traffic, sales, price_index, promo_flag, ad_spend"
117,Exponential Smoothing (ETS),Forecasting basics & impact,webR: yes,Schema F — timeseries_daily (daily traffic & sales),"Rows: 730; Columns: date, traffic, sales, price_index, promo_flag, ad_spend"
118,Prophet-style Additive Models,Forecasting basics & impact,webR: yes,Schema F — timeseries_daily (daily traffic & sales),"Rows: 730; Columns: date, traffic, sales, price_index, promo_flag, ad_spend"
119,Outlier Detection in Time Series,Forecasting basics & impact,webR: yes,Schema F — timeseries_daily (daily traffic & sales),"Rows: 730; Columns: date, traffic, sales, price_index, promo_flag, ad_spend"
120,Anomaly Windows for Campaigns,Forecasting basics & impact,webR: yes,Schema F — timeseries_daily (daily traffic & sales),"Rows: 730; Columns: date, traffic, sales, price_index, promo_flag, ad_spend"
121,State-space Models and Kalman Filter,Time links & advanced TS,webR: yes,Schema F — timeseries_daily (daily traffic & sales),"Rows: 730; Columns: date, traffic, sales, price_index, promo_flag, ad_spend"
122,Dynamic Regression with ARIMA Errors,Time links & advanced TS,webR: yes,Schema F — timeseries_daily (daily traffic & sales),"Rows: 730; Columns: date, traffic, sales, price_index, promo_flag, ad_spend"
123,Distributed Lag Models,Time links & advanced TS,webR: yes,Schema A — store_weekly (weekly D2C marketing),"Rows: 52; Columns: week, promo_week, spend_search, spend_social, email_freq, avg_order_value, sessions, from_email, time_sec, revenue, conversions"
124,Cointegration and Error-Correction,Time links & advanced TS,webR: yes,Schema F — timeseries_daily (daily traffic & sales),"Rows: 730; Columns: date, traffic, sales, price_index, promo_flag, ad_spend"
125,Bayesian Structural Time Series (BSTS),Forecasting basics & impact,webR: yes,Schema F — timeseries_daily (daily traffic & sales),"Rows: 730; Columns: date, traffic, sales, price_index, promo_flag, ad_spend"
126,Causal Impact for Campaigns,Forecasting basics & impact,webR: yes,Schema F — timeseries_daily (daily traffic & sales),"Rows: 730; Columns: date, traffic, sales, price_index, promo_flag, ad_spend"
127,Forecast Reconciliation across Levels,Forecasting basics & impact,webR: yes,Schema F — timeseries_daily (daily traffic & sales),"Rows: 730; Columns: date, traffic, sales, price_index, promo_flag, ad_spend"
128,Hierarchical Forecasts for Categories,Forecasting basics & impact,webR: yes,Schema F — timeseries_daily (daily traffic & sales),"Rows: 730; Columns: date, traffic, sales, price_index, promo_flag, ad_spend"
129,Intermittent Demand: Croston,Forecasting basics & impact,webR: yes,Schema F — timeseries_daily (daily traffic & sales),"Rows: 730; Columns: date, traffic, sales, price_index, promo_flag, ad_spend"
130,Scenario Planning with Simulations,Planning & risk,webR: yes,Schema A — store_weekly (weekly D2C marketing),"Rows: 52; Columns: week, promo_week, spend_search, spend_social, email_freq, avg_order_value, sessions, from_email, time_sec, revenue, conversions"
131,Monte Carlo for Sales Forecasts,Planning & risk,webR: yes,Schema A — store_weekly (weekly D2C marketing),"Rows: 52; Columns: week, promo_week, spend_search, spend_social, email_freq, avg_order_value, sessions, from_email, time_sec, revenue, conversions"
132,Revenue Forecast Calculator with ETS Scenarios,Forecasting decision tools,webR + Quarto Live calculator,Schema F - timeseries_daily (daily traffic & sales),"Rows: 730; Columns: date, traffic, sales, price_index, promo_flag, ad_spend"
133,Segmentation with k-means,Descriptive foundations,webR: yes,Schema B — session_log (session-level behaviour),"Rows: 10000; Columns: session_id, user_id, pages, from_email, time_sec, device, source, purchase, revenue_per_session, country, day"
134,Segmentation with Gaussian Mixtures,Segmentation & measurement,webR: yes,Schema B — session_log (session-level behaviour),"Rows: 10000; Columns: session_id, user_id, pages, from_email, time_sec, device, source, purchase, revenue_per_session, country, day"
135,DBSCAN for Behavioural Clusters,Segmentation & measurement,webR: yes,Schema B — session_log (session-level behaviour),"Rows: 10000; Columns: session_id, user_id, pages, from_email, time_sec, device, source, purchase, revenue_per_session, country, day"
136,PCA for Feature Reduction,Segmentation & measurement,webR: yes,Schema B — session_log (session-level behaviour),"Rows: 10000; Columns: session_id, user_id, pages, from_email, time_sec, device, source, purchase, revenue_per_session, country, day"
137,t-SNE for Visual Segments,Segmentation & measurement,webR: yes,Schema B — session_log (session-level behaviour),"Rows: 10000; Columns: session_id, user_id, pages, from_email, time_sec, device, source, purchase, revenue_per_session, country, day"
138,UMAP for Customer Maps,Segmentation & measurement,webR: yes,Schema B — session_log (session-level behaviour),"Rows: 10000; Columns: session_id, user_id, pages, from_email, time_sec, device, source, purchase, revenue_per_session, country, day"
139,Mixture Models for Hidden Segments,Latent structure,webR: yes,Schema B — session_log (session-level behaviour),"Rows: 10000; Columns: session_id, user_id, pages, from_email, time_sec, device, source, purchase, revenue_per_session, country, day"
140,Latent Class Regression,Latent structure,webR: yes,Schema B — session_log (session-level behaviour),"Rows: 10000; Columns: session_id, user_id, pages, from_email, time_sec, device, source, purchase, revenue_per_session, country, day"
141,Hidden Markov Models for Journeys,Latent structure,webR: yes,Schema B — session_log (session-level behaviour),"Rows: 10000; Columns: session_id, user_id, pages, from_email, time_sec, device, source, purchase, revenue_per_session, country, day"
142,Markov Switching for Regimes,Latent structure,webR: yes,Schema B — session_log (session-level behaviour),"Rows: 10000; Columns: session_id, user_id, pages, from_email, time_sec, device, source, purchase, revenue_per_session, country, day"
143,Factor Analysis for Survey Scales,Segmentation & measurement,webR: yes,Schema G — survey_likert (marketing survey),"Rows: 1200; Columns: resp_id, segment, Q1, Q2, Q3, Q4, Q5, Q6, Q7, Q8, Q9, Q10, intent"
144,Reliability: Cronbach’s Alpha,Segmentation & measurement,webR: yes,Schema G — survey_likert (marketing survey),"Rows: 1200; Columns: resp_id, segment, Q1, Q2, Q3, Q4, Q5, Q6, Q7, Q8, Q9, Q10, intent"
145,Confirmatory Factor Analysis Basics,General,webR: yes,Schema G — survey_likert (marketing survey),"Rows: 1200; Columns: resp_id, segment, Q1, Q2, Q3, Q4, Q5, Q6, Q7, Q8, Q9, Q10, intent"
146,Measurement Invariance Checks,General,webR: yes,Schema G — survey_likert (marketing survey),"Rows: 1200; Columns: resp_id, segment, Q1, Q2, Q3, Q4, Q5, Q6, Q7, Q8, Q9, Q10, intent"
147,Structural Paths: Simple Mediation,General,webR: yes,Schema A — store_weekly (weekly D2C marketing),"Rows: 52; Columns: week, promo_week, spend_search, spend_social, email_freq, avg_order_value, sessions, from_email, time_sec, revenue, conversions"
148,Moderation Analysis,General,webR: yes,Schema A — store_weekly (weekly D2C marketing),"Rows: 52; Columns: week, promo_week, spend_search, spend_social, email_freq, avg_order_value, sessions, from_email, time_sec, revenue, conversions"
149,Process Diagrams for Marketing Paths,General,webR: yes,Schema A — store_weekly (weekly D2C marketing),"Rows: 52; Columns: week, promo_week, spend_search, spend_social, email_freq, avg_order_value, sessions, from_email, time_sec, revenue, conversions"
150,Conjoint: Attributes and Levels,Choice modelling,webR: precompute,Schema H — choice_tasks (conjoint/choice),"Rows: 8000; Columns: resp_id, task, alt, price, attr1, attr2, attr3, chosen"
151,Conjoint: Design and Coding,Choice modelling,webR: precompute,Schema H — choice_tasks (conjoint/choice),"Rows: 8000; Columns: resp_id, task, alt, price, attr1, attr2, attr3, chosen"
152,Choice Modelling: Multinomial Logit,Choice modelling,webR: precompute,Schema H — choice_tasks (conjoint/choice),"Rows: 8000; Columns: resp_id, task, alt, price, attr1, attr2, attr3, chosen"
153,Mixed Logit for Heterogeneity,Choice modelling,webR: precompute,Schema H — choice_tasks (conjoint/choice),"Rows: 8000; Columns: resp_id, task, alt, price, attr1, attr2, attr3, chosen"
154,Hierarchical Bayes Choice Models,Choice modelling,webR: precompute,Schema H — choice_tasks (conjoint/choice),"Rows: 8000; Columns: resp_id, task, alt, price, attr1, attr2, attr3, chosen"
155,WTP from Choice Coefficients,Choice modelling,webR: precompute,Schema H — choice_tasks (conjoint/choice),"Rows: 8000; Columns: resp_id, task, alt, price, attr1, attr2, attr3, chosen"
156,Price Elasticity from Log–Log Models,Pricing & promotion,webR: yes,Schema J — pricing_panel (SKU × week),"Rows: 5200; Columns: sku, week, price, units, promo_flag, category"
157,Price Optimisation with Constraints,Pricing & promotion,webR: yes,Schema J — pricing_panel (SKU × week),"Rows: 5200; Columns: sku, week, price, units, promo_flag, category"
158,Markdown Optimisation for Retail,Pricing & promotion,webR: yes,Schema J — pricing_panel (SKU × week),"Rows: 5200; Columns: sku, week, price, units, promo_flag, category"
159,Assortment Optimisation Basics,Pricing & promotion,webR: yes,Schema J — pricing_panel (SKU × week),"Rows: 5200; Columns: sku, week, price, units, promo_flag, category"
160,Break-Even Price and Volume Calculator,Business analytics tools,webR + Quarto Live calculator,Schema J - pricing_panel (SKU x week),"Rows: 5200; Columns: sku, week, price, units, promo_flag, category"
161,Promotion Uplift Estimation,Assortment & interactions,webR: yes,Schema A — store_weekly (weekly D2C marketing),"Rows: 52; Columns: week, promo_week, spend_search, spend_social, email_freq, avg_order_value, sessions, from_email, time_sec, revenue, conversions"
162,Halo and Cannibalisation Effects,Assortment & interactions,webR: yes,Schema A — store_weekly (weekly D2C marketing),"Rows: 52; Columns: week, promo_week, spend_search, spend_social, email_freq, avg_order_value, sessions, from_email, time_sec, revenue, conversions"
163,Assortment Space Maps,Assortment & interactions,webR: yes,Schema B — session_log (session-level behaviour),"Rows: 10000; Columns: session_id, user_id, pages, from_email, time_sec, device, source, purchase, revenue_per_session, country, day"
164,Network Effects in Referral Programmes,Assortment & interactions,webR: yes,Schema B — session_log (session-level behaviour),"Rows: 10000; Columns: session_id, user_id, pages, from_email, time_sec, device, source, purchase, revenue_per_session, country, day"
165,Basket Analysis with Association Rules,Basket & affinity,webR: precompute,Schema I — baskets (market basket data),"Rows: 100000; Columns: transaction_id, user_id, item_id, dept, qty, price"
166,Affinity Scores for Cross-sell,Basket & affinity,webR: precompute,Schema I — baskets (market basket data),"Rows: 100000; Columns: transaction_id, user_id, item_id, dept, qty, price"
167,Market Basket Lift and Confidence,Basket & affinity,webR: precompute,Schema I — baskets (market basket data),"Rows: 100000; Columns: transaction_id, user_id, item_id, dept, qty, price"
168,Survival Analysis: Time to Churn,Basket & affinity,webR: yes,Schema L — churn_cohort (survival/retention),"Rows: 10000; Columns: user_id, signup_date, last_active, churned, revenue_total, cohort"
169,Kaplan–Meier Curves for Tenure,Retention & CLV,webR: yes,Schema L — churn_cohort (survival/retention),"Rows: 10000; Columns: user_id, signup_date, last_active, churned, revenue_total, cohort"
170,Cox Model for Retention Drivers,Retention & CLV,webR: yes,Schema L — churn_cohort (survival/retention),"Rows: 10000; Columns: user_id, signup_date, last_active, churned, revenue_total, cohort"
171,Competing Risks in Churn Causes,Retention & CLV,webR: yes,Schema L — churn_cohort (survival/retention),"Rows: 10000; Columns: user_id, signup_date, last_active, churned, revenue_total, cohort"
172,Cohort Analysis with Retention Curves,Retention & CLV,webR: yes,Schema L — churn_cohort (survival/retention),"Rows: 10000; Columns: user_id, signup_date, last_active, churned, revenue_total, cohort"
173,RFM Scoring and Thresholds,Retention & CLV,webR: yes,Schema L — churn_cohort (survival/retention),"Rows: 10000; Columns: user_id, signup_date, last_active, churned, revenue_total, cohort"
174,RFM Segmentation Scorer and Threshold Builder,Retention decision tools,webR + Quarto Live calculator,Schema L - churn_cohort (survival/retention),"Rows: 10000; Columns: user_id, signup_date, last_active, churned, revenue_total, cohort"
175,Customer Lifetime Value (CLV) Basics,Retention & CLV,webR: yes,Schema L — churn_cohort (survival/retention),"Rows: 10000; Columns: user_id, signup_date, last_active, churned, revenue_total, cohort"
176,Pareto/NBD for Repeat Purchases,Retention & CLV,webR: yes,Schema L — churn_cohort (survival/retention),"Rows: 10000; Columns: user_id, signup_date, last_active, churned, revenue_total, cohort"
177,BG/NBD with Spend Models,Retention & CLV,webR: yes,Schema L — churn_cohort (survival/retention),"Rows: 10000; Columns: user_id, signup_date, last_active, churned, revenue_total, cohort"
178,Gamma–Gamma Monetary Model,Retention & CLV,webR: yes,Schema L — churn_cohort (survival/retention),"Rows: 10000; Columns: user_id, signup_date, last_active, churned, revenue_total, cohort"
179,CAC Payback Calculator by Channel,Marketing analytics tools,webR + Quarto Live calculator,Schema A - store_weekly (weekly D2C marketing),"Rows: 52; Columns: week, promo_week, spend_search, spend_social, email_freq, avg_order_value, sessions, from_email, time_sec, revenue, conversions"
180,CLV vs CAC Comparator,Retention decision tools,webR + Quarto Live calculator,Schema L - churn_cohort (survival/retention),"Rows: 10000; Columns: user_id, signup_date, last_active, churned, revenue_total, cohort"
181,Attribution: Last-click vs First-touch,Attribution & MMM,webR: yes,Schema E — path_attribution (multi-touch paths),"Rows: 50000; Columns: user_id, path, path_len, converted"
182,Attribution: Linear and Time-decay,Attribution & MMM,webR: yes,Schema E — path_attribution (multi-touch paths),"Rows: 50000; Columns: user_id, path, path_len, converted"
183,Shapley Value Attribution Basics,Attribution & MMM,webR: yes,Schema E — path_attribution (multi-touch paths),"Rows: 50000; Columns: user_id, path, path_len, converted"
184,Markov Chains for Path Attribution,Attribution & MMM,webR: yes,Schema E — path_attribution (multi-touch paths),"Rows: 50000; Columns: user_id, path, path_len, converted"
185,Media Mix Model: Data Requirements,Attribution & MMM,webR: yes,Schema A — store_weekly (weekly D2C marketing),"Rows: 52; Columns: week, promo_week, spend_search, spend_social, email_freq, avg_order_value, sessions, from_email, time_sec, revenue, conversions"
186,MMM: Baseline and Adstock,Attribution & MMM,webR: yes,Schema A — store_weekly (weekly D2C marketing),"Rows: 52; Columns: week, promo_week, spend_search, spend_social, email_freq, avg_order_value, sessions, from_email, time_sec, revenue, conversions"
187,MMM: Saturation and Diminishing Returns,Attribution & MMM,webR: yes,Schema A — store_weekly (weekly D2C marketing),"Rows: 52; Columns: week, promo_week, spend_search, spend_social, email_freq, avg_order_value, sessions, from_email, time_sec, revenue, conversions"
188,MMM: Hierarchical MMM across Regions,Attribution & MMM,webR: yes,Schema A — store_weekly (weekly D2C marketing),"Rows: 52; Columns: week, promo_week, spend_search, spend_social, email_freq, avg_order_value, sessions, from_email, time_sec, revenue, conversions"
189,MMM Validation: Holdouts and Fit,Attribution & MMM,webR: yes,Schema A — store_weekly (weekly D2C marketing),"Rows: 52; Columns: week, promo_week, spend_search, spend_social, email_freq, avg_order_value, sessions, from_email, time_sec, revenue, conversions"
190,Variance Decomposition in MMM,Attribution & MMM,webR: yes,Schema A — store_weekly (weekly D2C marketing),"Rows: 52; Columns: week, promo_week, spend_search, spend_social, email_freq, avg_order_value, sessions, from_email, time_sec, revenue, conversions"
191,Shapley Decomposition of ROI,Attribution & MMM,webR: yes,Schema A — store_weekly (weekly D2C marketing),"Rows: 52; Columns: week, promo_week, spend_search, spend_social, email_freq, avg_order_value, sessions, from_email, time_sec, revenue, conversions"
192,Budget Allocation by Optimisation,Attribution & MMM,webR: yes,Schema A — store_weekly (weekly D2C marketing),"Rows: 52; Columns: week, promo_week, spend_search, spend_social, email_freq, avg_order_value, sessions, from_email, time_sec, revenue, conversions"
193,Campaign ROI Calculator and Sensitivity Explorer,Marketing analytics tools,webR + Quarto Live calculator,Schema A - store_weekly (weekly D2C marketing),"Rows: 52; Columns: week, promo_week, spend_search, spend_social, email_freq, avg_order_value, sessions, from_email, time_sec, revenue, conversions"
194,Gradient Boosting for Response,ML models & interpretation,webR: yes,Schema B — session_log (session-level behaviour),"Rows: 10000; Columns: session_id, user_id, pages, from_email, time_sec, device, source, purchase, revenue_per_session, country, day"
195,XGBoost: Marketing Features,ML models & interpretation,webR: yes,Schema B — session_log (session-level behaviour),"Rows: 10000; Columns: session_id, user_id, pages, from_email, time_sec, device, source, purchase, revenue_per_session, country, day"
196,Random Forests: Variable Importance,ML models & interpretation,webR: yes,Schema B — session_log (session-level behaviour),"Rows: 10000; Columns: session_id, user_id, pages, from_email, time_sec, device, source, purchase, revenue_per_session, country, day"
197,Permutation Importance and SHAP,ML models & interpretation,webR: yes,Schema B — session_log (session-level behaviour),"Rows: 10000; Columns: session_id, user_id, pages, from_email, time_sec, device, source, purchase, revenue_per_session, country, day"
198,Stacked Models and Blending,ML models & interpretation,webR: yes,Schema B — session_log (session-level behaviour),"Rows: 10000; Columns: session_id, user_id, pages, from_email, time_sec, device, source, purchase, revenue_per_session, country, day"
199,Nested Cross-validation,ML models & interpretation,webR: yes,Schema B — session_log (session-level behaviour),"Rows: 10000; Columns: session_id, user_id, pages, from_email, time_sec, device, source, purchase, revenue_per_session, country, day"
200,Time-series Cross-validation,ML models & interpretation,webR: yes,Schema B — session_log (session-level behaviour),"Rows: 10000; Columns: session_id, user_id, pages, from_email, time_sec, device, source, purchase, revenue_per_session, country, day"
201,Leakage Checks in Modelling,ML models & interpretation,webR: yes,Schema B — session_log (session-level behaviour),"Rows: 10000; Columns: session_id, user_id, pages, from_email, time_sec, device, source, purchase, revenue_per_session, country, day"
202,Feature Engineering for Text KPIs,ML models & interpretation,webR: yes,Schema B — session_log (session-level behaviour),"Rows: 10000; Columns: session_id, user_id, pages, from_email, time_sec, device, source, purchase, revenue_per_session, country, day"
203,Sentiment Scores and Sales,Text & media,webR: precompute,Schema M — text_reviews (NLP),"Rows: 10000; Columns: review_id, product_id, stars, text, date"
204,Topic Modelling for Reviews,Text & media,webR: precompute,Schema M — text_reviews (NLP),"Rows: 10000; Columns: review_id, product_id, stars, text, date"
205,Embeddings for Product Similarity,Text & media,webR: precompute,Schema M — text_reviews (NLP),"Rows: 10000; Columns: review_id, product_id, stars, text, date"
206,Text Regression for Ratings,Text & media,webR: precompute,Schema M — text_reviews (NLP),"Rows: 10000; Columns: review_id, product_id, stars, text, date"
207,Image Features in Ads,Text & media,webR: precompute,Schema N — ad_images (image features),"Rows: 500; Columns: image_id, avg_brightness, colorfulness, text_ratio, faces_detected, clicks"
208,Spatial Analysis: Store Catchments,Text & media,webR: yes,Schema K — geo_regions (regions × weeks),"Rows: 3120; Columns: region, week, spend, sales, treated, neighbours_id_list"
209,Census Features for Targeting,Spatial & geo,webR: yes,Schema K — geo_regions (regions × weeks),"Rows: 3120; Columns: region, week, spend, sales, treated, neighbours_id_list"
210,Geographical Weighted Regression,Spatial & geo,webR: yes,Schema K — geo_regions (regions × weeks),"Rows: 3120; Columns: region, week, spend, sales, treated, neighbours_id_list"
211,Geo Uplift with Test–Control Regions,Spatial & geo,webR: yes,Schema K — geo_regions (regions × weeks),"Rows: 3120; Columns: region, week, spend, sales, treated, neighbours_id_list"
212,Synthetic Geo Control Groups,Spatial & geo,webR: yes,Schema K — geo_regions (regions × weeks),"Rows: 3120; Columns: region, week, spend, sales, treated, neighbours_id_list"
213,Data Versioning and Reproducibility,Workflows & calibration,webR: yes,Schema A — store_weekly (weekly D2C marketing),"Rows: 52; Columns: week, promo_week, spend_search, spend_social, email_freq, avg_order_value, sessions, from_email, time_sec, revenue, conversions"
214,Re-weighting to Population Targets,Workflows & calibration,webR: yes,Schema G — survey_likert (marketing survey),"Rows: 1200; Columns: resp_id, segment, Q1, Q2, Q3, Q4, Q5, Q6, Q7, Q8, Q9, Q10, intent"
215,Post-stratification for Survey Data,Workflows & calibration,webR: yes,Schema G — survey_likert (marketing survey),"Rows: 1200; Columns: resp_id, segment, Q1, Q2, Q3, Q4, Q5, Q6, Q7, Q8, Q9, Q10, intent"
216,Raking for Audience Calibration,Workflows & calibration,webR: yes,Schema G — survey_likert (marketing survey),"Rows: 1200; Columns: resp_id, segment, Q1, Q2, Q3, Q4, Q5, Q6, Q7, Q8, Q9, Q10, intent"
217,Small-area Estimation for Territories,Workflows & calibration,webR: yes,Schema K — geo_regions (regions × weeks),"Rows: 3120; Columns: region, week, spend, sales, treated, neighbours_id_list"
218,Benchmarking against External Panels,Workflows & calibration,webR: yes,Schema A — store_weekly (weekly D2C marketing),"Rows: 52; Columns: week, promo_week, spend_search, spend_social, email_freq, avg_order_value, sessions, from_email, time_sec, revenue, conversions"
