Group_ID,Option,Probability_Success,Probability_Failure,Payoff_Success,Payoff_Failure
1,Local_Vendor,0.7397346941754221,0.26026530582457785,6943.62,-1818.47
2,Local_Vendor,0.7113061011768878,0.28869389882311225,6265.02,-753.73
3,Local_Vendor,0.6280279915314168,0.37197200846858325,6916.54,-1372.52
4,Local_Vendor,0.6571446612477303,0.3428553387522697,6772.71,-1876.95
5,Local_Vendor,0.7110738019924611,0.28892619800753894,6046.37,-1735.96
6,Local_Vendor,0.6050262300763279,0.39497376992367206,6431.83,-1728.56
7,Local_Vendor,0.6932461109943688,0.30675388900563116,6481.29,-989.86
8,Local_Vendor,0.7722021370194853,0.22779786298051474,5091.79,-1089.51
9,Local_Vendor,0.6505002357531339,0.34949976424686613,6915.59,-1610.71
10,Local_Vendor,0.7161612674593926,0.28383873254060743,5402.27,-1114.46
11,Local_Vendor,0.6011866513639689,0.39881334863603113,5596.83,-1387.26
12,Local_Vendor,0.7383731879759581,0.2616268120240419,6791.15,-700.36
13,Local_Vendor,0.6462250093929469,0.3537749906070531,6132.15,-1837.76
14,Local_Vendor,0.769706492451951,0.230293507548049,5911.02,-1517.17
15,Local_Vendor,0.6307670481503009,0.36923295184969906,5798.94,-1747.57
16,Local_Vendor,0.6713618629612028,0.3286381370387972,5166.01,-1922.63
17,Local_Vendor,0.7090409008320421,0.2909590991679579,6260.7,-1170.08
18,Local_Vendor,0.600239522755146,0.399760477244854,5930.19,-1787.12
19,Local_Vendor,0.663564897980541,0.33643510201945903,6144.76,-1761.67
20,Local_Vendor,0.603457870753482,0.396542129246518,6324.46,-831.79
21,Local_Vendor,0.6683116051834077,0.3316883948165923,6755.82,-1334.38
22,Local_Vendor,0.6686877599917352,0.33131224000826476,5757.87,-1802.72
23,Local_Vendor,0.6465125386603177,0.35348746133968234,6447.15,-1150.33
24,Local_Vendor,0.6122737655416131,0.38772623445838694,6715.72,-839.18
25,Local_Vendor,0.6824752503540367,0.31752474964596333,5372.51,-1368.18
26,Local_Vendor,0.6371024354360998,0.3628975645639002,6265.4,-1908.75
27,Local_Vendor,0.6821344127412885,0.3178655872587115,6436.23,-1421.83
28,Local_Vendor,0.6280161711387336,0.37198382886126635,6083.61,-1306.39
29,Local_Vendor,0.6010869033634663,0.39891309663653374,5409.43,-1937.86
30,Local_Vendor,0.720347763132304,0.279652236867696,6799.98,-1383.91
31,Local_Vendor,0.7822020254563541,0.2177979745436459,5247.17,-1411.2
32,Local_Vendor,0.6350725567899644,0.36492744321003556,6903.09,-1036.46
33,Local_Vendor,0.7462374826427549,0.2537625173572451,6563.43,-1946.1
34,Local_Vendor,0.6032314419280738,0.39676855807192624,6924.27,-1860.43
35,Local_Vendor,0.7172231432516127,0.28277685674838726,5228.5,-686.76
36,Local_Vendor,0.6851636856794358,0.31483631432056425,6955.1,-1993.7
37,Local_Vendor,0.6420981955248862,0.35790180447511377,6240.94,-1763.22
38,Local_Vendor,0.6954400216694921,0.30455997833050785,6854.85,-1237.64
39,Local_Vendor,0.7509646549820901,0.24903534501790991,5404.47,-1161.63
40,Local_Vendor,0.6893658559769392,0.3106341440230608,5431.06,-1495.34
41,Local_Vendor,0.6742403604090214,0.32575963959097864,6843.85,-952.56
42,Local_Vendor,0.7749556809198112,0.22504431908018885,6444.23,-1572.91
43,Local_Vendor,0.6869194614700973,0.3130805385299027,6523.4,-1246.75
44,Local_Vendor,0.6880273553077132,0.3119726446922868,5570.55,-1037.72
45,Local_Vendor,0.6163913666736335,0.3836086333263665,5687.32,-633.48
46,Local_Vendor,0.6069238606840371,0.39307613931596286,5682.79,-1887.92
47,Local_Vendor,0.7857303963508457,0.21426960364915426,6575.92,-1702.27
48,Local_Vendor,0.658913259441033,0.34108674055896704,5729,-1043.27
49,Local_Vendor,0.7038448574952781,0.29615514250472186,6330.25,-993.11
50,Local_Vendor,0.6472792849875987,0.3527207150124013,5745.62,-1915.94
1,International_Vendor,0.8246371372952126,0.1753628627047874,11552.23,-2298.97
2,International_Vendor,0.8072768914164045,0.19272310858359554,10521.65,-3079.69
3,International_Vendor,0.9474778175470419,0.052522182452958144,9242.83,-3267.08
4,International_Vendor,0.8803202458540909,0.11967975414590915,11852.86,-2242.73
5,International_Vendor,0.9131268219090998,0.08687317809090023,9639.63,-2914.23
6,International_Vendor,0.9108427071943879,0.08915729280561213,10992.52,-3575.48
7,International_Vendor,0.8548491099965758,0.14515089000342418,8532.58,-2226.04
8,International_Vendor,0.9045699246111326,0.09543007538886739,11877.29,-1734.97
9,International_Vendor,0.9175734347081743,0.08242656529182568,11361.34,-1876.81
10,International_Vendor,0.8040343283559196,0.1959656716440804,10298.62,-2384.15
11,International_Vendor,0.8185890523367562,0.18141094766324384,10851.53,-2796.04
12,International_Vendor,0.875808840978425,0.12419115902157496,8590.08,-2525.54
13,International_Vendor,0.9401509883929975,0.05984901160700251,8235.5,-1510.4
14,International_Vendor,0.816922337084543,0.18307766291545702,8295.68,-3360.64
15,International_Vendor,0.8185915480833501,0.1814084519166499,11722.83,-2194.82
16,International_Vendor,0.8567843760829419,0.1432156239170581,10222.57,-3487.05
17,International_Vendor,0.8089636381948367,0.19103636180516326,8484.64,-2950.47
18,International_Vendor,0.8672571765724569,0.13274282342754307,8566.73,-2514.75
19,International_Vendor,0.8716955720679834,0.12830442793201657,8585.59,-2323.51
20,International_Vendor,0.8147815684904345,0.18521843150956552,9387.84,-2128.17
21,International_Vendor,0.9203169630374759,0.0796830369625241,8282.13,-2849.83
22,International_Vendor,0.9090145214227959,0.09098547857720407,10515.4,-2806.94
23,International_Vendor,0.8743359708227217,0.12566402917727826,8465.4,-3657.23
24,International_Vendor,0.9176008844282478,0.08239911557175217,10973,-3431.26
25,International_Vendor,0.8335300262202509,0.16646997377974915,9455.71,-2268.49
26,International_Vendor,0.885632574686315,0.11436742531368504,11472.1,-2527.27
27,International_Vendor,0.9320243662805296,0.06797563371947035,10811.69,-1928.12
28,International_Vendor,0.9410177521291189,0.05898224787088113,8525.57,-2234.59
29,International_Vendor,0.9488180755171924,0.05118192448280756,8954.18,-2377.33
30,International_Vendor,0.8787331668892875,0.12126683311071251,8736.28,-3930.59
31,International_Vendor,0.803762740653474,0.19623725934652603,9684.54,-2387.76
32,International_Vendor,0.840622362063732,0.15937763793626802,8813.58,-2095.42
33,International_Vendor,0.9394555967533961,0.06054440324660393,9556.85,-2593.84
34,International_Vendor,0.894456464482937,0.10554353551706297,9986.19,-2373.44
35,International_Vendor,0.8476152261951938,0.1523847738048062,11516.74,-1995.59
36,International_Vendor,0.8393273816676811,0.16067261833231894,10887.03,-2665.04
37,International_Vendor,0.9255118684610352,0.07448813153896483,11955.81,-3750.81
38,International_Vendor,0.8214623320731335,0.17853766792686654,8286.9,-3822.62
39,International_Vendor,0.80510737959994,0.19489262040005995,8570.27,-1808.44
40,International_Vendor,0.8616834942018613,0.1383165057981387,11569.69,-2082.71
41,International_Vendor,0.8595794491004198,0.14042055089958017,11886.75,-3545.88
42,International_Vendor,0.8149925012490713,0.1850074987509287,10162.41,-1791.1
43,International_Vendor,0.8253227503271774,0.1746772496728226,11933.95,-2422.04
44,International_Vendor,0.9371466535842046,0.06285334641579543,11277.58,-1824.74
45,International_Vendor,0.8467943495721556,0.1532056504278444,10366.08,-2047.29
46,International_Vendor,0.8456557520548813,0.1543442479451187,10085.31,-2386.14
47,International_Vendor,0.8211010793806054,0.1788989206193946,11260.5,-2515.69
48,International_Vendor,0.8827440495602786,0.11725595043972137,9267.44,-2733.09
49,International_Vendor,0.896614228503313,0.10338577149668704,8164.14,-3851.51
50,International_Vendor,0.8290021224063822,0.17099787759361784,8303.78,-2914.69
