Respondent_ID,Gender,Group_AB,Age,Region,Ticket_Type,Attendance,Strategic_Choice,Content_Q1,Content_Q2,Content_Q3,Content_Q4,Value_Q1,Value_Q2,Value_Q3,Value_Q4,Network_Q1,Network_Q2,Network_Q3,Network_Q4,Satisfaction,Satisfaction_Pre,Satisfaction_Post,Spending,Return_Intention,Waiting_Time_Mins
1,Male,Group_A,32,International,Standard,Attended,Differentiation,4,3,4,3,4,3,4,2,4,5,5,5,3.72,2.97,3.51,313.62,4,28
2,Male,Group_A,39,East,Standard,Attended,Differentiation,5,5,5,5,3,4,4,3,1,2,2,2,5,5,5,653.25,5,39
3,Female,Group_B,33,West,Student,Attended,Differentiation,4,4,5,5,4,3,2,4,4,4,5,5,4.02,4.44,5,200.43,5,37
4,Female,Group_A,22,East,Student,Attended,Differentiation,4,4,5,4,2,3,3,2,3,3,2,4,2.57,2.33,2.43,281.77,4,48
5,Male,Group_B,33,South,Student,Attended,Differentiation,4,4,5,4,2,3,3,4,2,3,4,4,2.77,3.08,4.05,161.9,3,61
6,Female,Group_A,49,South,Standard,Attended,Focus,4,4,4,3,5,4,4,5,3,2,1,3,5,5,5,617.33,4,33
7,Female,Group_B,31,South,Standard,Attended,Differentiation,5,5,5,5,4,5,5,5,3,2,2,2,5,4.53,4.85,547.23,4,32
8,Male,Group_A,30,North,Student,Attended,Cost_Leadership,5,5,5,4,3,3,5,3,3,4,3,4,4.71,4.09,5,325.86,5,31
9,Female,Group_A,34,South,Standard,Attended,Cost_Leadership,3,3,4,3,5,4,4,4,3,2,2,1,3.94,4.1,5,608.03,3,59
10,Male,Group_A,48,International,Standard,Attended,Differentiation,3,3,2,3,4,4,4,4,4,4,4,3,3.21,2.77,2.93,561.81,4,47
11,Female,Group_A,28,South,Standard,Attended,Focus,4,4,4,4,5,5,5,5,3,2,2,2,4.22,4.38,4.58,256.78,5,49
12,Male,Group_B,41,North,Standard,Attended,Focus,4,4,3,4,4,1,4,3,3,2,2,3,3.15,2.88,2.83,437.35,2,41
13,Female,Group_B,30,International,Standard,Registered_Only,Focus,5,3,3,4,3,3,3,3,4,5,4,5,2.91,2.53,2.77,337.11,4,39
14,Male,Group_B,32,North,VIP,Attended,Focus,4,3,3,3,4,4,4,5,4,4,4,5,4.25,4.65,4.85,883.65,4,54
15,Female,Group_A,32,East,Student,Attended,Cost_Leadership,3,4,3,3,4,3,4,4,4,4,5,4,3.07,3.15,3.59,154,3,43
16,Female,Group_A,41,International,Standard,Attended,Differentiation,4,5,5,4,4,3,4,4,4,3,4,4,4.57,4.44,5,491.4,4,49
17,Male,Group_B,40,North,Student,Attended,Cost_Leadership,4,5,5,4,3,2,3,2,3,3,2,3,4.28,4.12,4.47,177.08,4,25
18,Female,Group_B,44,East,VIP,Attended,Cost_Leadership,5,5,5,5,4,4,3,3,5,5,5,5,4.82,4.92,5,1148.98,4,67
19,Female,Group_B,44,South,Student,Attended,Differentiation,3,3,4,4,4,5,4,4,4,3,3,2,3.52,3.69,3.54,213.72,3,59
20,Female,Group_B,52,West,VIP,Attended,Focus,5,5,5,4,4,5,4,4,3,3,3,3,3.38,3.64,3.49,1154.43,4,65
21,Female,Group_B,36,South,VIP,Attended,Differentiation,2,3,3,3,4,4,4,4,3,3,3,3,3.2,3.35,3.49,1038.97,4,50
22,Female,Group_A,22,North,VIP,Attended,Differentiation,3,3,2,3,3,5,4,4,4,2,1,2,3.77,3.31,4.01,978.43,4,47
23,Female,Group_B,31,North,Standard,Attended,Focus,5,5,5,5,4,3,2,3,2,2,3,3,4.73,4.27,4.87,529.67,5,47
24,Female,Group_A,29,South,Student,Attended,Cost_Leadership,4,3,4,4,3,1,1,1,2,2,3,3,3.41,3.16,4.45,6.34,3,47
25,Female,Group_B,33,East,Standard,Attended,Cost_Leadership,5,5,5,4,3,4,5,4,3,4,5,5,4.93,5,5,636.8,5,43
26,Female,Group_A,44,International,Standard,Attended,Differentiation,5,5,5,5,4,3,3,3,4,4,5,5,4.86,5,5,497.42,5,38
27,Female,Group_A,30,East,Standard,Registered_Only,Differentiation,4,3,4,4,1,1,1,1,4,3,5,3,2.41,2.72,2.69,609.08,1,48
28,Female,Group_B,29,East,Standard,Registered_Only,Differentiation,3,3,3,3,4,3,4,4,2,2,1,1,3.87,3.88,4.09,551.4,3,41
29,Female,Group_B,39,North,Student,Attended,Cost_Leadership,2,1,1,2,2,3,3,2,4,4,2,4,1.58,1.87,2.41,209.08,2,54
30,Male,Group_B,41,International,Student,Attended,Focus,5,4,4,4,4,3,3,4,5,3,4,4,4.05,3.74,4.16,194.22,4,45
31,Male,Group_B,33,International,Standard,Attended,Cost_Leadership,3,4,4,4,4,3,3,4,3,3,3,4,3.72,3.75,4.5,609.48,4,41
32,Female,Group_B,38,North,Student,Attended,Differentiation,5,5,5,5,4,4,3,4,5,4,4,4,4.77,5,5,199.18,3,47
33,Male,Group_B,39,West,Standard,Attended,Focus,3,3,3,4,5,2,4,5,3,3,4,2,3.15,2.79,3.45,460.08,3,46
34,Female,Group_B,38,East,Standard,Registered_Only,Cost_Leadership,5,3,4,3,2,2,3,3,2,4,3,3,3.45,3.93,4.8,613.8,4,37
35,Male,Group_A,30,South,VIP,Attended,Differentiation,4,4,4,4,4,4,5,5,3,3,4,4,4.1,4.18,4.91,997.66,4,46
36,Female,Group_A,41,South,VIP,Attended,Differentiation,5,3,4,4,3,3,3,4,3,3,4,5,3.18,3.46,4.07,998.13,3,44
37,Female,Group_A,22,East,VIP,Attended,Focus,4,5,5,5,3,2,4,4,4,3,4,5,4.41,4.34,4.79,1073.8,5,54
38,Female,Group_B,40,International,Student,Attended,Differentiation,4,3,3,3,3,4,3,2,3,3,4,3,3.3,3.48,3.69,280.48,3,47
39,Male,Group_B,38,International,Student,Attended,Differentiation,5,3,4,5,3,4,5,4,5,5,4,4,3.63,3.71,3.14,225.61,5,42
40,Female,Group_A,51,West,Student,Attended,Focus,5,5,4,4,4,3,4,3,4,3,4,5,4.66,4.44,5,237.65,5,51
41,Female,Group_A,37,East,Standard,Attended,Focus,5,4,4,4,2,3,3,3,3,4,4,4,3.41,3.21,4.36,570.19,3,56
42,Male,Group_A,36,West,VIP,Attended,Focus,5,4,5,5,3,3,4,3,1,2,3,2,3.42,3.45,3.78,1063.11,3,51
43,Female,Group_A,45,International,Student,Attended,Cost_Leadership,2,2,2,4,4,4,4,4,2,2,3,2,4.07,4.26,5,47.37,5,39
44,Female,Group_A,41,South,Student,Attended,Differentiation,5,4,5,4,3,4,4,3,3,4,3,2,4.38,4.7,4.49,266.83,4,33
45,Female,Group_A,35,East,Standard,Registered_Only,Cost_Leadership,5,5,5,5,4,4,4,3,2,4,3,3,4.11,4.13,3.92,479.57,4,28
46,Female,Group_A,35,West,Standard,Attended,Focus,3,4,3,3,5,4,5,4,5,4,4,5,3.75,3.72,4.11,353.92,3,53
47,Male,Group_A,36,International,Student,Attended,Cost_Leadership,3,4,4,4,4,4,3,3,4,3,4,5,3.9,3.89,4.37,47.57,4,37
48,Female,Group_B,26,West,Student,Attended,Differentiation,3,4,3,3,3,3,3,2,4,4,3,4,3.44,3.48,4,94.15,3,61
49,Male,Group_B,45,South,Standard,Attended,Cost_Leadership,4,4,4,4,5,5,4,4,4,2,4,5,4.19,4.21,4.37,655.01,3,55
50,Female,Group_B,31,East,Standard,Attended,Cost_Leadership,5,4,4,5,3,3,3,4,2,3,4,4,3.9,3.96,5,581.99,5,38
51,Male,Group_A,33,International,Standard,Attended,Cost_Leadership,3,4,3,4,3,4,5,4,2,3,2,2,2.67,2.73,2.78,479.75,2,46
52,Male,Group_B,41,West,Standard,Attended,Differentiation,5,5,5,5,2,3,3,2,3,2,3,2,3.59,3.57,3.67,578.42,4,69
53,Male,Group_B,32,East,Standard,Attended,Cost_Leadership,3,4,4,5,3,4,3,3,5,5,5,5,3.06,2.68,3.39,494.38,3,50
54,Male,Group_A,34,West,Standard,Attended,Differentiation,3,3,3,4,4,5,5,5,2,1,2,5,3.52,3.53,4.04,270.34,3,58
55,Male,Group_B,47,International,Standard,Attended,Focus,3,3,3,3,4,4,4,4,3,2,3,1,3.74,3.81,3.23,537.37,3,42
56,Male,Group_B,30,South,Standard,Attended,Focus,3,4,3,4,5,5,5,5,3,4,2,3,5,5,5,521.96,4,56
57,Male,Group_A,33,North,Standard,Registered_Only,Focus,3,3,4,4,3,3,3,3,2,2,3,2,3.18,3.16,3.53,561.28,4,48
58,Female,Group_A,47,South,VIP,Attended,Focus,4,4,5,5,3,4,4,3,2,3,3,4,3.98,3.73,4.21,931.83,5,77
59,Male,Group_A,32,East,Standard,Attended,Focus,4,4,3,3,3,4,5,3,5,5,5,5,3.43,2.74,3.28,582.85,4,37
60,Female,Group_A,31,West,Student,Attended,Differentiation,5,5,5,5,5,5,5,5,3,2,3,3,5,5,5,172.04,5,39
61,Female,Group_B,37,International,Standard,Attended,Cost_Leadership,4,3,4,2,3,2,3,3,3,4,3,3,3.29,2.58,3.01,436.68,2,43
62,Male,Group_A,40,East,Standard,Attended,Differentiation,4,2,3,4,4,4,3,3,4,2,2,3,3.9,3.61,3.79,378.64,4,45
63,Male,Group_A,30,West,Standard,Attended,Focus,4,4,4,4,4,5,4,4,5,5,5,5,3.58,2.99,3.62,544.14,4,45
64,Female,Group_B,34,North,Standard,Attended,Focus,2,4,3,4,4,5,5,5,3,2,5,3,3.62,3.52,4.97,380.14,2,39
65,Female,Group_A,34,West,Student,Attended,Differentiation,4,4,4,4,3,5,5,3,4,3,3,3,3.75,4.03,4.34,144.82,3,55
66,Female,Group_B,27,International,Standard,Attended,Focus,5,5,5,5,3,4,4,5,4,4,3,4,3.37,3.61,4.31,696.08,3,55
67,Male,Group_B,35,International,Standard,Attended,Differentiation,4,3,5,4,5,5,5,5,4,3,3,3,4.23,3.94,4.46,367.17,3,57
68,Female,Group_A,49,West,Standard,Registered_Only,Cost_Leadership,4,3,3,3,5,5,5,5,1,1,2,1,3.86,3.95,4.87,503.26,3,30
69,Male,Group_A,42,International,Standard,Registered_Only,Focus,3,3,3,2,4,3,4,4,4,4,5,5,2.82,2.6,3.16,576.21,3,39
70,Male,Group_A,29,West,Standard,Registered_Only,Differentiation,4,4,5,4,3,4,3,4,3,3,3,3,3.55,3.76,4.04,555.41,3,49
71,Male,Group_B,38,International,VIP,Registered_Only,Cost_Leadership,3,3,4,3,4,5,3,4,4,5,3,4,3.79,3.64,3.92,946.38,3,38
72,Female,Group_B,33,North,Standard,Attended,Differentiation,5,5,4,5,4,4,4,4,2,3,2,4,3.89,4.06,4.81,523.19,5,47
73,Male,Group_B,34,East,Standard,Attended,Differentiation,2,2,3,3,4,5,4,4,3,5,5,5,3.51,3.24,3.69,498.96,3,41
74,Male,Group_B,42,International,VIP,Registered_Only,Differentiation,3,3,4,3,4,4,4,4,4,5,5,4,3.45,3.49,4.32,984.68,5,63
75,Female,Group_A,40,South,Standard,Registered_Only,Focus,4,3,4,4,3,4,4,4,5,5,4,5,4.3,4.05,3.92,514.71,4,50
76,Male,Group_A,42,North,Standard,Attended,Cost_Leadership,3,4,4,5,4,4,4,4,3,3,3,3,3.82,3.69,4.53,341.01,5,36
77,Male,Group_A,39,East,Standard,Attended,Differentiation,4,4,4,4,5,5,4,5,4,3,3,4,3.53,3.8,4.84,693.36,3,53
78,Male,Group_A,29,West,Standard,Attended,Cost_Leadership,4,4,4,4,5,5,5,5,4,4,3,5,4.58,5,5,583.12,3,52
79,Female,Group_A,31,South,Student,Attended,Focus,5,5,5,5,3,3,2,2,2,4,4,2,3.78,3.81,4.38,299.4,4,33
80,Male,Group_B,25,International,Student,Attended,Focus,3,3,4,4,4,3,3,3,2,2,3,3,2.35,2.53,3.87,261.76,2,49
81,Female,Group_A,40,West,Student,Attended,Differentiation,4,4,5,4,5,5,5,5,4,5,3,3,4.95,5,5,348.69,5,45
82,Male,Group_A,46,South,Standard,Attended,Cost_Leadership,4,3,4,3,5,5,3,5,4,4,5,3,4.04,3.83,3.75,464.09,4,68
83,Male,Group_A,22,North,Standard,Attended,Focus,5,5,4,5,1,1,2,2,5,5,5,4,2.19,1.8,2.47,468.3,1,27
84,Male,Group_A,36,International,Standard,Attended,Differentiation,4,3,3,2,5,4,5,4,1,2,1,1,4.17,4.29,4.8,478.6,4,42
85,Female,Group_A,39,South,Student,Attended,Differentiation,4,4,4,3,5,4,3,4,5,5,5,5,4.5,4.52,4.91,307.47,3,90
86,Male,Group_A,33,East,Standard,Attended,Focus,4,3,4,4,5,5,5,5,4,4,3,4,4.03,4.06,4.77,557.13,3,36
87,Male,Group_B,28,East,Standard,Attended,Cost_Leadership,5,5,4,5,3,4,4,4,4,4,4,5,4.77,4.68,4.78,500.69,5,32
88,Male,Group_B,27,East,Standard,Attended,Focus,4,4,4,4,4,3,2,3,4,4,3,3,3.56,3.12,3.48,534.51,3,51
89,Female,Group_A,45,East,Standard,Attended,Focus,5,5,5,4,5,5,5,4,4,3,4,4,4.79,5,5,595.27,5,29
90,Female,Group_A,33,East,Standard,Attended,Cost_Leadership,3,2,3,3,3,4,4,3,5,2,4,2,3.23,3.14,3.79,368.19,4,66
91,Male,Group_B,44,North,VIP,Attended,Cost_Leadership,4,4,4,4,3,3,3,4,4,4,5,4,3.77,4.05,4.57,879.08,5,39
92,Male,Group_A,30,International,Student,Attended,Focus,5,4,4,3,2,3,2,3,2,4,2,4,4.66,4.44,5,76.58,5,57
93,Male,Group_A,45,West,Standard,Attended,Differentiation,5,5,5,5,4,3,3,4,4,5,4,5,3.95,4.12,5,613.28,4,52
94,Female,Group_A,39,South,Student,Attended,Differentiation,4,4,4,4,3,3,3,2,1,2,1,2,3.6,3.53,4.41,425.29,4,45
95,Female,Group_A,35,International,Standard,Attended,Cost_Leadership,5,4,3,4,5,5,4,4,2,3,3,2,5,5,5,477.77,5,43
96,Female,Group_A,44,East,Standard,Attended,Cost_Leadership,4,4,5,3,3,2,3,3,3,3,4,3,2.63,2.87,3.98,420.1,3,25
97,Male,Group_A,32,South,Standard,Attended,Focus,3,3,4,4,4,5,5,5,3,4,5,3,2.79,2.9,3.67,584.68,1,31
98,Female,Group_A,32,North,VIP,Attended,Differentiation,3,3,3,3,4,4,4,4,4,3,3,4,3.24,3.1,3.36,850.14,2,30
99,Male,Group_B,35,East,Standard,Attended,Cost_Leadership,5,4,4,4,3,4,4,3,3,3,2,4,5,4.89,5,439.48,5,43
100,Female,Group_B,34,South,Standard,Registered_Only,Differentiation,4,3,3,3,4,3,3,3,4,4,3,5,3.23,3.12,3.91,671.84,2,67
101,Female,Group_A,34,East,VIP,Attended,Focus,4,5,5,4,3,4,4,5,4,4,5,4,4.05,3.91,4.52,907.66,4,48
102,Male,Group_A,34,North,Standard,Attended,Differentiation,3,2,3,3,5,5,5,5,1,2,2,2,4.24,4.21,4.94,446.41,4,58
103,Female,Group_A,28,North,Standard,Registered_Only,Focus,2,3,3,3,3,5,4,3,4,3,5,3,3.33,3.3,3.96,354.69,3,38
104,Female,Group_B,43,International,Standard,Attended,Focus,4,4,4,3,4,4,5,4,2,2,2,2,4.44,4.64,5,542.77,4,38
105,Female,Group_A,28,West,VIP,Attended,Focus,3,3,3,3,3,3,4,3,5,5,4,5,2.67,2.73,3.19,919.78,2,53
106,Female,Group_B,29,International,Standard,Attended,Differentiation,5,5,4,3,4,4,3,3,4,5,5,5,4.77,4.59,5,507.17,5,35
107,Male,Group_A,28,West,Standard,Attended,Differentiation,4,4,4,4,4,2,4,4,3,3,3,5,2.88,3.04,3.6,623.65,2,30
108,Male,Group_B,48,North,Standard,Registered_Only,Cost_Leadership,5,5,5,5,3,2,2,3,4,5,4,4,4.18,4.33,5,679.59,5,42
109,Female,Group_A,39,North,Standard,Attended,Differentiation,4,4,4,4,3,1,2,1,3,3,4,2,2.55,2.45,2.69,587.33,2,36
110,Male,Group_A,40,West,Student,Attended,Cost_Leadership,4,4,4,4,3,4,4,3,1,1,1,1,4.03,4.13,4.7,219.1,4,28
111,Female,Group_A,22,North,Student,Attended,Focus,5,5,5,5,3,5,4,3,3,1,2,3,4.82,4.82,5,240.45,5,59
112,Male,Group_A,32,International,Standard,Registered_Only,Focus,5,5,5,5,4,4,5,4,3,2,4,4,4.27,4.2,3.98,434.7,5,41
113,Female,Group_B,44,South,Standard,Attended,Differentiation,5,5,5,5,4,4,4,5,3,3,4,3,5,4.87,4.78,324.71,5,57
114,Female,Group_A,46,International,VIP,Registered_Only,Focus,5,4,5,4,5,4,4,4,5,5,4,5,4.34,4.04,5,850.6,5,56
115,Female,Group_B,22,West,VIP,Registered_Only,Cost_Leadership,5,5,5,5,3,4,2,2,5,5,5,5,5,4.89,4.9,973.85,5,52
116,Female,Group_A,22,West,Standard,Attended,Cost_Leadership,3,4,4,3,3,4,3,4,3,3,2,4,2.7,2.52,2.15,524.34,2,50
117,Male,Group_B,24,South,Standard,Attended,Cost_Leadership,5,5,5,5,3,2,3,2,3,4,4,3,3.36,3.13,3.42,431.13,4,29
118,Female,Group_B,24,East,Standard,Registered_Only,Cost_Leadership,3,3,4,4,5,4,5,4,5,5,4,4,4.01,4.01,4.1,579.95,4,39
119,Female,Group_A,41,East,Standard,Attended,Cost_Leadership,5,4,4,4,3,4,5,4,4,5,5,5,4.36,4.37,5,580.33,2,35
120,Male,Group_A,39,West,Student,Attended,Focus,4,4,4,4,5,3,4,3,2,1,1,1,4.17,4.4,4.74,199.84,4,45
121,Female,Group_A,49,East,Standard,Attended,Focus,2,4,4,3,4,3,3,3,4,5,4,5,3.56,3.6,4.07,599.88,3,29
122,Female,Group_B,37,South,Student,Attended,Differentiation,4,3,4,4,3,3,3,2,3,4,3,3,3.67,3.89,4.17,259.36,4,33
123,Male,Group_B,32,West,Standard,Attended,Cost_Leadership,5,5,5,5,3,5,4,4,3,4,3,4,3.67,3.51,3.93,632.9,5,56
124,Male,Group_A,48,South,VIP,Attended,Focus,3,5,5,4,4,4,4,4,2,1,1,2,4.9,4.35,4.99,1201.01,3,48
125,Female,Group_B,41,West,Standard,Attended,Differentiation,4,3,4,3,4,4,4,4,3,4,4,2,3.48,3.74,4.5,385.52,3,28
126,Female,Group_A,41,South,Standard,Attended,Differentiation,3,3,2,3,5,4,5,3,5,5,5,4,4.05,3.5,3.62,573.49,1,54
127,Female,Group_A,44,South,VIP,Registered_Only,Focus,4,5,4,3,5,5,5,5,4,5,4,3,4.52,4.82,5,956.34,4,42
128,Female,Group_A,33,North,Student,Attended,Differentiation,3,3,3,3,4,4,4,3,1,3,3,3,3.97,3.86,4.72,251.92,4,66
129,Female,Group_B,38,International,Standard,Attended,Differentiation,4,4,4,3,5,4,5,5,5,3,3,3,4.06,4.42,4.66,485.83,4,56
130,Female,Group_A,44,East,Student,Attended,Cost_Leadership,3,4,4,5,5,5,4,5,2,3,4,3,4.2,4.38,4.46,38.38,4,37
131,Female,Group_B,22,West,Standard,Attended,Cost_Leadership,4,4,4,4,3,3,3,4,2,2,2,1,3.89,3.58,4.27,429.98,5,58
132,Male,Group_A,35,International,Standard,Attended,Cost_Leadership,3,2,3,3,3,4,5,4,2,4,2,3,4.08,4.07,4.15,361.99,4,33
133,Female,Group_A,28,South,Student,Registered_Only,Differentiation,5,4,4,4,3,4,3,3,4,4,5,5,3.81,3.55,3.5,75.1,3,45
134,Female,Group_A,28,West,Standard,Attended,Cost_Leadership,4,4,4,4,4,5,5,5,4,4,2,3,4.69,3.95,3.76,279.62,4,37
135,Male,Group_B,29,North,VIP,Attended,Cost_Leadership,2,4,2,3,4,4,3,5,2,1,2,3,3.05,3.4,3.92,986.33,3,41
136,Female,Group_A,38,North,Standard,Attended,Focus,5,5,4,4,4,4,3,3,4,4,4,4,4.88,4.85,5,358.69,5,48
137,Female,Group_B,35,North,Standard,Attended,Cost_Leadership,4,4,4,3,3,2,4,3,5,3,4,3,2.97,3.04,3.17,470.6,3,54
138,Male,Group_A,26,North,Standard,Attended,Focus,4,4,4,4,4,4,5,4,3,2,3,2,4.47,4,4.94,496.39,5,20
139,Male,Group_B,40,East,Student,Attended,Cost_Leadership,5,4,4,4,4,4,5,4,4,5,3,5,4.59,4.7,4.4,182,3,56
140,Female,Group_A,39,East,Standard,Registered_Only,Differentiation,5,4,5,4,3,4,4,3,1,1,2,1,4.55,4.32,4.4,426.46,4,59
141,Male,Group_B,39,West,VIP,Attended,Cost_Leadership,3,2,3,3,5,4,5,5,4,3,5,5,3.34,3.3,3.7,966.69,3,57
142,Female,Group_A,38,West,Standard,Attended,Focus,5,5,5,5,3,4,3,4,2,2,3,3,4.15,3.8,4.28,432.28,4,63
143,Male,Group_B,45,South,Standard,Registered_Only,Focus,3,3,3,4,5,5,5,5,4,5,5,4,3.75,3.83,3.71,527.01,4,42
144,Male,Group_B,30,North,Standard,Attended,Focus,4,4,4,4,3,4,4,3,5,4,5,5,3.32,3.3,3.82,345.13,4,51
145,Male,Group_A,30,East,Student,Attended,Differentiation,5,5,5,5,3,3,3,4,4,4,4,5,3.5,3.53,3.74,327.85,4,52
146,Female,Group_B,41,East,Standard,Attended,Differentiation,4,4,4,4,4,5,5,4,3,4,4,3,3.72,4.56,4.69,372.95,4,33
147,Female,Group_B,40,International,Standard,Attended,Focus,5,4,4,5,1,2,2,1,3,1,3,1,3.52,3.55,3.3,440.39,2,21
148,Male,Group_B,44,South,Student,Registered_Only,Differentiation,5,3,3,4,5,2,4,4,2,2,2,2,2.93,2.76,3.05,200.11,2,47
149,Male,Group_A,35,South,Student,Attended,Focus,4,3,4,4,4,4,5,4,2,4,4,4,3.27,3.27,3.57,81.8,3,12
150,Female,Group_B,40,North,Standard,Attended,Cost_Leadership,5,5,5,5,3,4,4,4,2,3,1,2,4.08,3.62,4.43,466.91,5,36
151,Female,Group_A,44,South,Standard,Attended,Cost_Leadership,4,5,4,4,4,4,3,5,3,4,3,4,4.63,4.65,4.23,646.48,3,32
152,Female,Group_A,29,West,Standard,Attended,Cost_Leadership,5,5,4,4,5,5,4,5,3,2,2,3,4.09,3.84,5,503.56,4,46
153,Male,Group_B,49,East,Standard,Attended,Cost_Leadership,2,2,2,2,3,3,2,2,5,5,5,5,2.92,2.88,3.12,534.96,4,62
154,Male,Group_B,29,West,Student,Attended,Focus,4,4,4,4,3,4,4,3,3,2,3,4,3.65,3.95,4.77,298.77,3,62
155,Male,Group_A,22,North,Standard,Attended,Differentiation,4,4,3,4,5,3,4,3,3,5,5,3,4.14,4.08,4.57,549.1,4,53
156,Male,Group_A,34,East,Standard,Attended,Focus,2,2,3,3,4,3,3,4,4,3,4,4,2.45,2.56,3.28,508.53,2,49
157,Female,Group_A,37,International,Standard,Attended,Cost_Leadership,3,4,5,3,5,5,5,4,4,4,4,5,4.09,4.14,4.67,546.48,5,32
158,Male,Group_B,30,East,VIP,Attended,Focus,4,3,4,3,3,3,3,3,2,3,3,2,3.55,4.21,4.41,993.81,2,45
159,Male,Group_B,27,International,Student,Attended,Focus,4,3,3,3,4,4,4,4,3,4,5,4,3.91,4.31,4.47,270.84,3,31
160,Female,Group_A,30,West,Standard,Attended,Focus,4,4,4,4,3,4,3,3,4,5,4,3,3.55,3.66,3.53,443.61,3,32
161,Female,Group_B,44,West,Standard,Registered_Only,Cost_Leadership,4,4,4,4,2,2,2,3,3,3,4,3,2.33,1.96,2.53,440.06,2,51
162,Male,Group_B,22,South,Standard,Attended,Cost_Leadership,4,4,5,4,5,4,5,5,5,5,5,5,4.72,5,4.86,617.3,3,45
163,Male,Group_A,22,South,Student,Attended,Cost_Leadership,5,5,5,4,5,5,3,4,3,2,3,3,5,5,5,476.16,5,51
164,Female,Group_B,25,West,Standard,Attended,Differentiation,3,4,4,4,4,4,3,4,3,3,4,3,2.62,2.6,2.75,517.79,2,46
165,Female,Group_A,44,West,VIP,Attended,Differentiation,4,3,3,4,4,4,4,3,1,4,3,2,2.87,2.8,3.25,1078.31,3,40
166,Female,Group_B,42,North,Standard,Attended,Cost_Leadership,5,4,5,4,3,4,3,2,5,4,4,4,3.58,3.3,4.15,494.17,5,31
167,Female,Group_A,28,North,Standard,Attended,Differentiation,5,4,4,4,3,3,3,3,5,5,5,5,3.74,3.77,3.49,316.04,5,64
168,Female,Group_A,35,West,Standard,Attended,Differentiation,3,4,3,3,3,4,2,3,4,3,3,3,2.63,3.01,3.51,390.6,2,60
169,Female,Group_A,40,International,VIP,Registered_Only,Differentiation,4,3,5,4,3,3,4,4,3,2,2,1,3.34,3.08,3.3,1071.02,4,42
170,Female,Group_A,39,International,Standard,Attended,Cost_Leadership,4,3,5,4,3,3,2,2,3,3,3,3,3.33,3.23,3.8,461.72,2,50
171,Male,Group_A,39,East,Standard,Attended,Differentiation,2,3,3,3,2,2,2,2,2,4,2,2,2.68,2.76,2.73,560.34,3,52
172,Male,Group_A,37,North,Standard,Attended,Focus,3,3,3,3,2,1,3,3,5,5,4,5,2.53,2.79,2.62,423.92,3,66
173,Female,Group_A,38,North,Standard,Registered_Only,Focus,5,5,5,5,3,3,3,3,3,4,3,2,4.19,4.19,4.71,669.05,3,47
174,Male,Group_B,23,East,Student,Attended,Cost_Leadership,4,4,5,5,3,4,4,5,2,1,2,1,3.91,4.13,4.63,292.18,3,47
175,Female,Group_A,52,West,Standard,Attended,Differentiation,3,3,3,3,4,3,4,2,3,2,2,2,4.01,3.67,4.29,521.9,4,58
176,Male,Group_B,34,International,Student,Attended,Focus,5,5,4,4,5,4,4,5,3,3,3,3,5,5,4.96,35.04,5,61
177,Male,Group_A,39,South,Student,Attended,Cost_Leadership,4,4,5,4,3,4,3,2,2,3,2,1,3.97,4.19,3.83,80.82,4,58
178,Male,Group_B,24,South,Standard,Attended,Differentiation,3,3,4,4,4,3,4,4,4,3,4,4,2.34,2.01,3.02,614.71,2,56
179,Male,Group_B,32,North,Student,Attended,Cost_Leadership,5,5,5,5,4,4,4,4,3,4,2,3,4.83,4.28,4.58,207.15,5,53
180,Male,Group_B,41,West,Standard,Attended,Focus,4,3,4,3,4,2,4,2,5,4,4,4,3.06,2.72,3.11,473.81,4,42
181,Female,Group_A,36,International,Standard,Attended,Cost_Leadership,3,4,3,4,3,4,4,2,5,4,3,5,3.22,3.31,3.7,447.31,3,49
182,Female,Group_A,37,South,Standard,Attended,Focus,4,5,3,5,4,5,5,5,4,4,4,4,4.04,3.85,4.06,448.16,4,41
183,Male,Group_B,25,North,VIP,Attended,Differentiation,5,5,5,5,4,4,3,5,3,5,3,4,4.65,4.68,4.48,861.88,5,25
184,Male,Group_A,39,International,VIP,Attended,Cost_Leadership,4,3,3,3,5,5,4,4,5,4,4,5,5,4.85,5,1008.36,5,56
185,Female,Group_A,31,North,Standard,Registered_Only,Focus,5,5,5,5,4,4,4,4,2,2,3,4,4.94,4.34,4.43,359.97,3,40
186,Female,Group_A,22,West,Standard,Registered_Only,Focus,5,5,5,5,5,4,4,5,3,3,1,3,4.66,4.07,4.26,530.37,5,34
187,Male,Group_A,40,West,Standard,Attended,Cost_Leadership,3,5,5,4,3,3,4,3,4,4,5,3,3.85,3.43,4.42,500.27,2,53
188,Female,Group_B,35,East,VIP,Registered_Only,Focus,3,3,4,3,3,3,3,3,3,3,3,3,3.15,2.9,3.33,1103.44,4,42
189,Female,Group_B,29,East,Standard,Attended,Focus,3,3,4,4,4,3,3,3,2,4,3,4,3.42,3.4,3.26,538.32,3,14
190,Female,Group_A,37,North,VIP,Attended,Focus,3,3,3,4,3,2,3,2,3,4,4,3,2.11,1.53,1.59,871.68,1,39
191,Female,Group_A,22,International,VIP,Attended,Differentiation,5,5,5,4,4,4,3,4,3,2,4,3,4.35,4.75,5,1071.68,4,19
192,Female,Group_A,52,West,Standard,Attended,Cost_Leadership,5,5,5,4,3,4,4,4,2,1,1,3,4.75,3.99,5,392.37,5,50
193,Female,Group_B,22,International,Student,Attended,Differentiation,4,4,4,4,3,4,4,3,3,3,4,4,4.78,4.83,5,172.59,5,30
194,Male,Group_B,38,East,Standard,Attended,Differentiation,3,3,3,3,1,3,2,2,4,4,4,4,2.04,1.56,2,407.08,2,52
195,Female,Group_B,33,South,Standard,Attended,Differentiation,3,3,4,4,3,3,3,3,3,3,5,5,3.09,3.42,3.84,508.61,4,42
196,Female,Group_A,26,South,Standard,Attended,Cost_Leadership,5,5,5,5,4,5,3,5,3,1,1,2,4.72,4.84,5,522.76,5,60
197,Female,Group_B,38,South,Standard,Attended,Cost_Leadership,2,3,3,3,4,4,2,3,3,3,4,2,3.93,3.98,4.1,515.95,3,29
198,Male,Group_A,32,East,Standard,Attended,Cost_Leadership,5,4,4,4,4,4,4,3,4,4,4,5,4.16,4.04,4.31,433.15,5,41
199,Male,Group_A,47,South,Student,Attended,Cost_Leadership,3,3,4,4,4,5,4,4,5,5,5,5,3.5,4.14,4.84,207.51,4,32
200,Female,Group_B,26,East,Standard,Attended,Cost_Leadership,5,5,5,4,5,5,5,4,3,2,3,3,4.81,4.57,4.7,596.02,5,65
