Scenario_ID,Industry,Competitive_Rivalry,Threat_New_Entrants,Supplier_Power,Buyer_Power,Threat_Substitutes,Mean_Force_Score,Industry_Attractiveness,Recommended_Strategy
1,Retail,8,4,2,6,2,4.4,6,Selective_Investment
2,Retail,6,8,9,3,5,6.2,4,Cost_Leadership
3,Tourism,3,4,7,7,8,5.8,4,Differentiation
4,Financial_Services,4,5,9,8,2,5.6,4,Differentiation
5,Construction,6,2,2,5,2,3.4,7,Invest_and_Grow
6,Retail,2,1,9,2,4,3.6,6,Cost_Leadership
7,Financial_Services,6,8,6,5,1,5.2,5,Selective_Investment
8,Retail,9,3,8,6,4,6,4,Cost_Leadership
9,Financial_Services,4,5,3,2,4,3.6,6,Selective_Investment
10,Retail,7,3,3,5,2,4,6,Selective_Investment
11,Retail,2,9,8,5,7,6.2,4,Cost_Leadership
12,Financial_Services,8,6,7,7,6,6.8,3,Harvest_or_Exit
13,Hospitality,4,9,7,2,4,5.2,5,Cost_Leadership
14,Retail,9,8,3,3,6,5.8,4,Selective_Investment
15,Retail,3,5,4,9,3,4.8,5,Differentiation
16,Construction,5,7,4,2,5,4.6,5,Selective_Investment
17,Hospitality,6,7,7,3,7,6,4,Cost_Leadership
18,Hospitality,2,1,4,6,8,4.2,6,Selective_Investment
19,Construction,5,9,6,6,8,6.8,3,Harvest_or_Exit
20,Retail,2,3,4,5,5,3.8,6,Selective_Investment
21,Construction,5,3,2,8,1,3.8,6,Differentiation
22,Financial_Services,5,8,8,4,3,5.6,4,Cost_Leadership
23,Tourism,4,6,4,6,8,5.6,4,Selective_Investment
24,Financial_Services,2,5,2,7,5,4.2,6,Differentiation
25,Construction,5,4,2,9,3,4.6,5,Differentiation
26,Financial_Services,3,2,2,3,3,2.6,7,Invest_and_Grow
27,Hospitality,5,6,6,4,7,5.6,4,Selective_Investment
28,Hospitality,3,5,6,7,2,4.6,5,Differentiation
29,Hospitality,2,6,3,7,1,3.8,6,Differentiation
30,Tourism,7,6,6,2,4,5,5,Selective_Investment
31,Tourism,9,8,4,3,4,5.6,4,Selective_Investment
32,Retail,3,4,8,2,2,3.8,6,Cost_Leadership
33,Hospitality,8,7,2,10,2,5.8,4,Differentiation
34,Financial_Services,2,8,4,6,7,5.4,5,Selective_Investment
35,Tourism,7,2,2,8,3,4.4,6,Differentiation
36,Hospitality,5,6,1,8,3,4.6,5,Differentiation
37,Tourism,4,7,5,5,2,4.6,5,Selective_Investment
38,Financial_Services,6,5,2,8,5,5.2,5,Differentiation
39,Financial_Services,8,3,2,8,6,5.4,5,Differentiation
40,Construction,6,8,7,2,2,5,5,Cost_Leadership
