Event_ID,Attendance,Ticket_Type,Payment_Method
1,Attended,Standard,Cash
2,Attended,VIP,Cash
3,Attended,Standard,Bank_Transfer
4,Attended,Standard,Bank_Transfer
5,Attended,Standard,Bank_Transfer
6,Attended,Standard,Bank_Transfer
7,Attended,Standard,Credit_Card
8,No_Show,Standard,Credit_Card
9,Attended,Standard,Cash
10,Attended,Standard,Credit_Card
11,Attended,Standard,Cash
12,Attended,VIP,Cash
13,Attended,Standard,Credit_Card
14,Attended,Standard,Bank_Transfer
15,Attended,Standard,Cash
16,Attended,Standard,Cash
17,Attended,Standard,Cash
18,Attended,Standard,Credit_Card
19,Attended,Standard,Bank_Transfer
20,Attended,VIP,Bank_Transfer
21,Attended,Standard,Cash
22,Attended,Standard,Cash
23,Attended,Standard,Cash
24,Attended,VIP,Bank_Transfer
25,Attended,Standard,Bank_Transfer
26,Attended,Standard,Bank_Transfer
27,Attended,Standard,Cash
28,Attended,Standard,Bank_Transfer
29,Attended,Standard,Credit_Card
30,Attended,Standard,Bank_Transfer
31,No_Show,Standard,Credit_Card
32,Attended,Standard,Credit_Card
33,Attended,Standard,Bank_Transfer
34,Attended,Standard,Bank_Transfer
35,Attended,VIP,Bank_Transfer
36,Attended,Standard,Credit_Card
37,Attended,Standard,Bank_Transfer
38,Attended,Standard,Bank_Transfer
39,Attended,Standard,Bank_Transfer
40,Attended,Standard,Bank_Transfer
41,Attended,Standard,Bank_Transfer
42,No_Show,Standard,Bank_Transfer
43,Attended,Standard,Cash
44,Attended,Standard,Credit_Card
45,Attended,VIP,Credit_Card
46,Attended,Standard,Cash
47,No_Show,Standard,Cash
48,Attended,Standard,Bank_Transfer
49,Attended,Standard,Credit_Card
50,Attended,Standard,Credit_Card
51,No_Show,Standard,Bank_Transfer
52,Attended,Standard,Cash
53,No_Show,VIP,Credit_Card
54,No_Show,Standard,Cash
55,Attended,VIP,Credit_Card
56,Attended,VIP,Credit_Card
57,Attended,Standard,Bank_Transfer
58,Attended,Standard,Bank_Transfer
59,No_Show,VIP,Cash
60,Attended,Standard,Cash
61,Attended,Standard,Bank_Transfer
62,No_Show,Standard,Bank_Transfer
63,Attended,VIP,Bank_Transfer
64,Attended,Standard,Credit_Card
65,Attended,Standard,Credit_Card
66,Attended,Standard,Bank_Transfer
67,Attended,Standard,Cash
68,Attended,Standard,Credit_Card
69,Attended,Standard,Credit_Card
70,Attended,Standard,Bank_Transfer
71,No_Show,VIP,Bank_Transfer
72,Attended,VIP,Bank_Transfer
73,Attended,Standard,Cash
74,No_Show,VIP,Cash
75,Attended,Standard,Credit_Card
76,Attended,Standard,Cash
77,Attended,VIP,Bank_Transfer
78,Attended,VIP,Credit_Card
79,Attended,VIP,Bank_Transfer
80,No_Show,Standard,Cash
81,Attended,Standard,Credit_Card
82,No_Show,Standard,Bank_Transfer
83,Attended,VIP,Cash
84,No_Show,Standard,Credit_Card
85,Attended,Standard,Credit_Card
86,No_Show,Standard,Bank_Transfer
87,Attended,VIP,Bank_Transfer
88,No_Show,Standard,Cash
89,Attended,Standard,Cash
90,Attended,Standard,Credit_Card
91,No_Show,Standard,Cash
92,Attended,Standard,Bank_Transfer
93,Attended,Standard,Credit_Card
94,Attended,VIP,Credit_Card
95,Attended,Standard,Bank_Transfer
96,Attended,Standard,Bank_Transfer
97,Attended,Standard,Cash
98,Attended,Standard,Cash
99,Attended,Standard,Credit_Card
100,Attended,Standard,Credit_Card
