Company,Resource,Valuable,Rare,Costly_to_Imitate,Organised,Competitive_Implication
Company_A,Brand_Reputation,Yes,No,No,Yes,Competitive_Parity
Company_A,Customer_Database,Yes,No,Yes,Yes,Competitive_Parity
Company_A,Financial_Reserves,No,Yes,No,Yes,Competitive_Disadvantage
Company_A,Location_Network,Yes,No,No,No,Competitive_Parity
Company_A,Operational_Processes,Yes,Yes,No,No,Temporary_Advantage
Company_A,Skilled_Workforce,Yes,Yes,Yes,Yes,Sustained_Competitive_Advantage
Company_A,Supplier_Relationships,Yes,No,No,Yes,Competitive_Parity
Company_A,Technology_Platform,Yes,Yes,No,Yes,Temporary_Advantage
Company_B,Brand_Reputation,Yes,Yes,Yes,Yes,Sustained_Competitive_Advantage
Company_B,Customer_Database,Yes,Yes,No,Yes,Temporary_Advantage
Company_B,Financial_Reserves,Yes,No,Yes,Yes,Competitive_Parity
Company_B,Location_Network,Yes,Yes,Yes,Yes,Sustained_Competitive_Advantage
Company_B,Operational_Processes,Yes,Yes,No,Yes,Temporary_Advantage
Company_B,Skilled_Workforce,Yes,Yes,Yes,No,Unexploited_Advantage
Company_B,Supplier_Relationships,Yes,Yes,Yes,Yes,Sustained_Competitive_Advantage
Company_B,Technology_Platform,Yes,Yes,Yes,Yes,Sustained_Competitive_Advantage
Company_C,Brand_Reputation,Yes,No,Yes,Yes,Competitive_Parity
Company_C,Customer_Database,No,No,Yes,Yes,Competitive_Disadvantage
Company_C,Financial_Reserves,No,Yes,No,No,Competitive_Disadvantage
Company_C,Location_Network,Yes,No,No,Yes,Competitive_Parity
Company_C,Operational_Processes,Yes,No,No,No,Competitive_Parity
Company_C,Skilled_Workforce,Yes,Yes,Yes,Yes,Sustained_Competitive_Advantage
Company_C,Supplier_Relationships,Yes,No,No,No,Competitive_Parity
Company_C,Technology_Platform,Yes,No,No,Yes,Competitive_Parity
Company_D,Brand_Reputation,Yes,No,Yes,No,Competitive_Parity
Company_D,Customer_Database,Yes,No,No,Yes,Competitive_Parity
Company_D,Financial_Reserves,Yes,Yes,No,Yes,Temporary_Advantage
Company_D,Location_Network,Yes,No,No,No,Competitive_Parity
Company_D,Operational_Processes,No,No,No,No,Competitive_Disadvantage
Company_D,Skilled_Workforce,No,Yes,No,Yes,Competitive_Disadvantage
Company_D,Supplier_Relationships,Yes,No,No,No,Competitive_Parity
Company_D,Technology_Platform,Yes,Yes,Yes,Yes,Sustained_Competitive_Advantage
Company_E,Brand_Reputation,Yes,No,No,Yes,Competitive_Parity
Company_E,Customer_Database,Yes,No,No,Yes,Competitive_Parity
Company_E,Financial_Reserves,Yes,No,No,No,Competitive_Parity
Company_E,Location_Network,Yes,No,No,No,Competitive_Parity
Company_E,Operational_Processes,Yes,Yes,Yes,Yes,Sustained_Competitive_Advantage
Company_E,Skilled_Workforce,Yes,No,No,No,Competitive_Parity
Company_E,Supplier_Relationships,Yes,Yes,No,Yes,Temporary_Advantage
Company_E,Technology_Platform,Yes,No,No,Yes,Competitive_Parity
